ID	GeneID	geneSymbol	chr	strand	longExonStart_0base	longExonEnd	shortES	shortEE	flankingES	flankingEE	ID	IJC_SAMPLE_1	SJC_SAMPLE_1	IJC_SAMPLE_2	SJC_SAMPLE_2	IncFormLen	SkipFormLen	PValue	FDR	IncLevel1	IncLevel2	IncLevelDifference
702	AT3G60040	NA	chr3	-	22177281	22178252	22177281	22178249	22178711	22178787	702	4,3,5,2,9,3	5,2,7,8,2,8	0,0,0,0,3,0	10,2,4,2,6,2	152	149	0.0000175012015962	0.00837257484362208	0.44,0.595,0.412,0.197,0.815,0.269	0.0,0.0,0.0,0.0,0.329,0.0	0.4
1619	AT1G15280	NA	chr1	+	5253545	5253751	5253548	5253751	5253287	5253387	1619	1.57237178148159E+017	1.09195160122167E+017	182,137,138,202,273,75	71,53,38,67,82,33	152	149	3.87865130236E-07	0.000927773391524512	0.585,0.544,0.522,0.543,0.483,0.441	0.715,0.717,0.781,0.747,0.765,0.69	-0.216
1793	AT4G03110	NA	chr4	-	1377076	1377410	1377076	1377407	1377507	1377687	1793	1.02143133110159E+017	46,78,63,66,85,53	172,116,141,182,180,91	31,21,14,36,28,17	152	149	3.66252938955E-06	0.0029202567666012	0.685,0.642,0.674,0.62,0.647,0.708	0.845,0.844,0.908,0.832,0.863,0.84	-0.193
2385	AT2G37480	NA	chr2	+	15739249	15739848	15739252	15739848	15738603	15738899	2385	3.99591501503629E+017	1.49226202153283E+017	5.89396421617718E+017	85,41,57,101,88,29	152	149	0.000013106031972	0.007837407119256	0.724,0.719,0.709,0.763,0.685,0.748	0.872,0.904,0.879,0.857,0.889,0.879	-0.155
2479	AT2G47640	NA	chr2	+	19537859	19537937	19537862	19537937	19537504	19537529	2479	66,104,125,63,94,109	1.67212232167238E+017	163,93,103,150,201,70	121,81,111,124,202,83	152	149	2.69850243095E-06	0.0029202567666012	0.279,0.325,0.346,0.27,0.279,0.317	0.569,0.53,0.476,0.543,0.494,0.453	-0.208
63	AT5G47455	NA	chr5	+	19251077	19251251	19251077	19251196	19251934	19252379	63	8,3,4,2,5,3	4,5,4,3,9,14	1,1,0,0,2,1	2,3,6,16,11,2	204	149	0.00101202433437	0.0251344551103236	0.594,0.305,0.422,0.327,0.289,0.135	0.268,0.196,0.0,0.0,0.117,0.268	0.204
68	AT5G44750	NA	chr5	+	18056513	18056585	18056513	18056573	18056667	18056754	68	4,10,8,6,13,6	3,12,4,7,10,6	0,2,0,6,5,5	11,12,11,14,15,6	161	149	0.00120431320344	0.0294702525077082	0.552,0.435,0.649,0.442,0.546,0.481	0.0,0.134,0.0,0.284,0.236,0.435	0.336
70	AT5G44290	NA	chr5	-	17843414	17843806	17843432	17843806	17842764	17843307	70	21,49,24,19,44,32	103,125,80,89,153,136	12,3,4,10,6,4	115,96,80,152,145,75	167	149	0.00220614850879	0.0489470815816875	0.154,0.259,0.211,0.16,0.204,0.174	0.085,0.027,0.043,0.055,0.036,0.045	0.145
94	AT5G27630	NA	chr5	+	9779718	9779904	9779718	9779844	9780007	9780154	94	4,5,7,6,2,7	2,4,4,3,5,1	12,4,14,10,9,2	0,1,0,0,1,0	209	149	0.0000246623487193	0.000820762965378304	0.588,0.471,0.555,0.588,0.222,0.833	1.0,0.74,1.0,1.0,0.865,1.0	-0.391
147	AT5G11630	NA	chr5	+	3740758	3740942	3740758	3740877	3741503	3741827	147	43,75,62,24,42,55	12,20,19,8,20,13	20,11,9,13,28,10	35,24,33,41,55,8	214	149	1.564415264E-12	1.18326681786182E-10	0.714,0.723,0.694,0.676,0.594,0.747	0.285,0.242,0.16,0.181,0.262,0.465	0.425
151	AT5G10940	NA	chr5	-	3452075	3452190	3452084	3452190	3451435	3451575	151	11,23,10,21,16,19	71,62,61,64,96,75	0,1,2,4,5,0	102,77,88,131,149,53	158	149	0.000245544103601	0.00680975647320107	0.127,0.259,0.134,0.236,0.136,0.193	0.0,0.012,0.021,0.028,0.031,0.0	0.165
161	AT5G37690	NA	chr5	-	14975877	14976229	14975901	14976229	14975446	14975574	161	64,110,73,55,123,132	26,36,24,23,36,56	17,12,20,14,34,13	23,13,32,20,46,8	173	149	7.03510676348E-06	0.000260142614542905	0.679,0.725,0.724,0.673,0.746,0.67	0.389,0.443,0.35,0.376,0.389,0.583	0.281
196	AT4G39390	NA	chr4	+	18315544	18315860	18315544	18315838	18316262	18316422	196	57,67,78,35,67,58	11,16,16,31,15,14	58,38,46,82,62,31	3,3,1,0,7,1	171	149	0.000796847421144	0.020718032949744	0.819,0.785,0.809,0.496,0.796,0.783	0.944,0.917,0.976,1.0,0.885,0.964	-0.2
203	AT4G38380	NA	chr4	-	17974504	17974799	17974518	17974799	17974276	17974419	203	6,9,5,2,10,2	19,24,17,20,18,16	10,8,13,8,15,8	1,1,3,4,8,0	163	149	1.25265797735E-10	8.3376914972416E-09	0.224,0.255,0.212,0.084,0.337,0.103	0.901,0.88,0.798,0.646,0.632,1.0	-0.607
222	AT5G37850	NA	chr5	+	15065299	15065512	15065299	15065479	15065604	15065701	222	68,124,43,59,95,68	9.51721341131942E+016	34,22,23,57,38,6	192,129,141,208,272,80	182	149	0.00145284810357	0.0345362749191497	0.369,0.371,0.208,0.299,0.286,0.235	0.127,0.123,0.118,0.183,0.103,0.058	0.176
247	AT4G32330	NA	chr4	+	15608904	15609117	15608904	15609106	15609789	15610001	247	7,15,19,9,14,14	1.15207196153242E+017	39,25,22,53,61,25	136,121,115,157,152,47	160	149	0.000904757966783	0.0231618039496448	0.054,0.063,0.083,0.052,0.051,0.054	0.211,0.161,0.151,0.239,0.272,0.331	-0.168
360	AT4G09980	NA	chr4	-	6249104	6249224	6249115	6249224	6248510	6248662	360	1,1,2,7,4,2	45,87,48,59,49,64	24,26,22,30,24,15	31,16,25,33,30,16	160	149	0	0	0.02,0.011,0.037,0.099,0.071,0.028	0.419,0.602,0.45,0.458,0.427,0.466	-0.426
403	AT4G40050	NA	chr4	-	18561988	18562084	18561992	18562084	18561698	18561884	403	43,67,56,75,88,47	59,89,93,70,101,109	78,58,66,104,94,28	21,17,15,16,21,9	153	149	0	0	0.415,0.423,0.37,0.511,0.459,0.296	0.783,0.769,0.811,0.864,0.813,0.752	-0.386
407	AT3G63480	NA	chr3	-	23442677	23442771	23442689	23442771	23442559	23442601	407	0,0,0,0,0,0	6,11,8,3,5,3	3,4,8,4,6,1	1,8,2,3,6,0	161	149	3.07544837264E-07	1.31219130565973E-05	0.0,0.0,0.0,0.0,0.0,0.0	0.735,0.316,0.787,0.552,0.481,1.0	-0.645
408	AT3G63460	NA	chr3	-	23434943	23434986	23434949	23434986	23434703	23434825	408	1.72198206145189E+017	24,24,25,12,17,22	79,72,68,120,99,51	80,81,85,163,138,41	155	149	0	0	0.873,0.888,0.888,0.921,0.914,0.903	0.487,0.461,0.435,0.414,0.408,0.545	0.44
409	AT3G63340	NA	chr3	-	23392347	23392402	23392378	23392402	23392165	23392246	409	66,104,123,75,99,106	4,3,2,3,2,3	14,20,9,31,20,9	11,16,14,24,17,4	180	149	0	0	0.932,0.966,0.981,0.954,0.976,0.967	0.513,0.509,0.347,0.517,0.493,0.651	0.458
451	AT3G54500	NA	chr3	-	20178157	20178491	20178160	20178491	20177934	20178064	451	96,165,117,76,155,99	47,123,65,42,79,41	2.38203195278341E+017	2.6829229433048E+017	152	149	7.88667561147E-07	3.28085705437152E-05	0.667,0.568,0.638,0.639,0.658,0.703	0.465,0.405,0.394,0.452,0.411,0.42	0.221
510	AT5G35330	NA	chr5	-	13525620	13525834	13525641	13525834	13524824	13525279	510	22,47,31,40,54,35	49,88,63,50,98,61	11,13,12,15,27,7	100,80,74,111,166,47	170	149	1.32508819628E-06	5.37791892343883E-05	0.282,0.319,0.301,0.412,0.326,0.335	0.088,0.125,0.124,0.106,0.125,0.115	0.215
529	AT2G02080	NA	chr2	-	520976	521205	520980	521205	520263	520660	529	0,3,5,3,9,2	75,94,99,88,112,116	33,23,36,51,49,23	34,27,25,55,38,15	153	149	0	0	0.0,0.03,0.047,0.032,0.073,0.017	0.486,0.453,0.584,0.475,0.557,0.599	-0.492
555	AT1G79190	NA	chr1	+	29791575	29792228	29791575	29792210	29792308	29792467	555	5,4,3,1,7,2	20,24,15,14,22,19	10,11,13,10,23,3	2,1,6,6,4,0	167	149	1.16129328376E-13	9.6619601208832E-12	0.182,0.129,0.151,0.06,0.221,0.086	0.817,0.908,0.659,0.598,0.837,1.0	-0.665
560	AT1G78690	NA	chr1	+	29596982	29597235	29596982	29597210	29597315	29597446	560	0,7,5,3,7,4	23,32,24,30,23,14	7,12,5,5,12,2	5,10,8,11,7,5	174	149	0.00178377257996	0.0412249662924089	0.0,0.158,0.151,0.079,0.207,0.197	0.545,0.507,0.349,0.28,0.595,0.255	-0.29
566	AT2G04790	NA	chr2	+	1679306	1679909	1679306	1679886	1680014	1680176	566	9,13,6,9,8,19	11,19,9,13,10,13	0,2,0,0,1,3	21,17,27,29,55,11	172	149	3.38618022511E-14	2.96558099714897E-12	0.415,0.372,0.366,0.375,0.409,0.559	0.0,0.092,0.0,0.0,0.016,0.191	0.366
569	AT1G79270	NA	chr1	+	29815505	29816515	29815505	29816510	29816606	29816677	569	9,7,3,10,3,14	8,15,21,0,4,2	11,7,11,14,11,10	0,0,2,0,1,0	154	149	0.000141546353064	0.00413285416533782	0.521,0.311,0.121,1.0,0.421,0.871	1.0,1.0,0.842,1.0,0.914,1.0	-0.418
686	AT1G73390	NA	chr1	-	27594494	27594551	27594498	27594551	27593901	27594166	686	20,16,10,16,21,22	10,12,7,2,4,18	2,3,6,12,13,1	14,8,11,27,23,11	153	149	0.0000165822461564	0.000574851200088533	0.661,0.565,0.582,0.886,0.836,0.543	0.122,0.268,0.347,0.302,0.355,0.081	0.433
714	AT1G20060	NA	chr1	-	6952305	6952398	6952308	6952398	6952131	6952224	714	10,7,6,4,5,8	0,1,0,2,2,0	0,0,0,0,1,2	3,2,2,4,6,2	152	149	1.11022302463E-16	1.1546319456152E-14	1.0,0.873,1.0,0.662,0.71,1.0	0.0,0.0,0.0,0.0,0.14,0.495	0.768
741	AT1G49980	NA	chr1	+	18511848	18511993	18511848	18511962	18512089	18512512	741	6,6,6,5,8,8	17,24,25,21,27,43	10,12,7,13,18,12	12,6,12,12,24,6	180	149	0.000661660658393	0.0174762434216818	0.226,0.171,0.166,0.165,0.197,0.133	0.408,0.623,0.326,0.473,0.383,0.623	-0.296
761	AT1G67700	NA	chr1	+	25375569	25375726	25375569	25375712	25375803	25376050	761	4.4468253541565E+017	4.14589508384533E+017	928,669,791,1013,1114,369	202,140,167,241,261,83	163	149	0	0	0.495,0.514,0.49,0.497,0.527,0.515	0.808,0.814,0.812,0.793,0.796,0.803	-0.298
766	AT1G03310	NA	chr1	+	813412	813604	813412	813581	813928	816812	766	7,15,12,13,22,11	12,14,11,16,16,13	28,20,26,34,19,16	0,0,1,1,0,0	172	149	0	0	0.336,0.481,0.486,0.413,0.544,0.423	1.0,1.0,0.957,0.967,1.0,1.0	-0.54
779	AT1G15490	NA	chr1	-	5323152	5323895	5323157	5323895	5322652	5322960	779	7,12,8,11,13,12	8,13,16,7,5,7	11,9,8,17,10,3	0,1,0,0,5,0	154	149	1.36171613763E-07	6.294154591712E-06	0.458,0.472,0.326,0.603,0.716,0.624	1.0,0.897,1.0,1.0,0.659,1.0	-0.393
817	AT1G09765	NA	chr1	+	24298704	24299090	24298704	24298970	24299225	24299559	817	6,18,7,11,9,3	0,0,0,0,2,0	5,3,11,11,12,4	1,2,2,3,3,6	269	149	0.000536361534346	0.0146312392319958	1.0,1.0,1.0,1.0,0.714,1.0	0.735,0.454,0.753,0.67,0.689,0.27	0.357
828	AT1G17520	NA	chr1	-	6025504	6025606	6025522	6025606	6025092	6025378	828	63,95,63,85,87,80	21,29,26,14,28,29	34,27,34,31,49,15	37,17,29,25,41,11	167	149	0.000608476216549	0.0163307165215732	0.728,0.745,0.684,0.844,0.735,0.711	0.451,0.586,0.511,0.525,0.516,0.549	0.218
837	AT1G23230	NA	chr1	+	8246060	8246303	8246060	8246298	8246562	8246780	837	0,1,1,4,2,1	24,32,29,21,24,25	5,6,8,3,11,5	1,6,7,9,5,4	154	149	1.01145288811E-08	6.23354668820385E-07	0.0,0.029,0.032,0.156,0.075,0.037	0.829,0.492,0.525,0.244,0.68,0.547	-0.498
850	AT5G15070	NA	chr5	+	4876827	4876984	4876827	4876966	4877138	4877198	850	0,2,1,1,2,0	4,15,0,1,8,5	4,3,4,11,14,1	1,4,1,2,7,0	167	149	2.35902399703E-06	8.92139984331345E-05	0.0,0.106,1.0,0.472,0.182,0.0	0.781,0.401,0.781,0.831,0.641,1.0	-0.446
867	AT2G36792	NA	chr2	+	15420064	15421504	15420064	15421484	15421583	15422088	867	3,7,3,4,3,11	0,3,0,1,2,5	0,2,0,1,1,1	11,0,6,7,7,3	169	149	1.48085884444E-07	6.65986247877881E-06	1.0,0.673,1.0,0.779,0.569,0.66	0.0,1.0,0.0,0.112,0.112,0.227	0.538
871	AT3G19460	NA	chr3	+	6748758	6748909	6748758	6748904	6748990	6749307	871	19,38,23,23,39,40	26,58,40,47,67,78	3,0,2,2,6,2	57,48,43,82,85,24	154	149	0	0	0.414,0.388,0.357,0.321,0.36,0.332	0.048,0.0,0.043,0.023,0.064,0.075	0.32
881	AT3G01310	NA	chr3	-	101513	101660	101531	101660	101296	101356	881	6.21391281251141E+016	2.72440337330449E+017	125,102,144,191,214,36	99,107,149,164,231,70	167	149	2.24259593118E-08	1.28678607913225E-06	0.169,0.22,0.253,0.253,0.185,0.186	0.53,0.46,0.463,0.51,0.453,0.315	-0.244
898	AT2G01420	NA	chr2	-	182004	183764	182016	183764	181579	181847	898	1.0013314810212E+017	68,110,97,69,91,91	198,110,147,162,202,63	17,22,14,12,13,6	161	149	0	0	0.576,0.528,0.585,0.578,0.55,0.558	0.915,0.822,0.907,0.926,0.935,0.907	-0.34
901	AT2G27730	NA	chr2	-	11821606	11822025	11821651	11822025	11820768	11820884	901	4,9,3,4,7,6	15,17,11,9,20,14	7,6,11,8,23,5	9,1,5,3,8,4	194	149	0.000208542864211	0.00588161569571363	0.17,0.289,0.173,0.254,0.212,0.248	0.374,0.822,0.628,0.672,0.688,0.49	-0.388
914	AT3G57050	NA	chr3	-	21114161	21114330	21114206	21114330	21113943	21114059	914	2.93398362330433E+017	19,37,33,40,39,39	199,132,176,316,320,98	52,46,68,124,84,31	194	149	2.48868425867E-08	1.38039020214229E-06	0.922,0.892,0.894,0.864,0.895,0.904	0.746,0.688,0.665,0.662,0.745,0.708	0.193
918	AT1G54310	NA	chr1	+	20274312	20274561	20274312	20274535	20274641	20274828	918	27,37,25,21,25,37	13,34,26,25,25,36	21,25,25,31,34,8	7,7,6,6,10,6	175	149	0.00196268847794	0.0441339679363805	0.639,0.481,0.45,0.417,0.46,0.467	0.719,0.753,0.78,0.815,0.743,0.532	-0.238
969	AT3G07300	NA	chr3	-	2326718	2327012	2326724	2327012	2326090	2326220	969	33,45,42,35,32,38	62,105,94,82,86,89	75,39,44,63,49,31	38,30,34,35,37,16	155	149	2.14636530771E-10	1.3736737969344E-08	0.338,0.292,0.3,0.291,0.263,0.291	0.655,0.555,0.554,0.634,0.56,0.651	-0.306
980	AT1G01020	NA	chr1	-	8570	9130	8593	9130	8235	8464	980	78,155,111,74,120,84	25,39,24,17,32,21	45,24,40,46,56,24	73,28,42,76,61,19	172	149	2.53130849615E-14	2.34005407644089E-12	0.73,0.775,0.8,0.79,0.765,0.776	0.348,0.426,0.452,0.344,0.443,0.523	0.35
981	AT4G11970	NA	chr4	+	7182945	7183006	7182945	7183002	7183224	7183277	981	16,16,19,13,17,18	13,12,10,8,10,15	14,13,28,17,27,10	0,1,4,6,0,1	153	149	1.79286381496E-06	6.93796601882195E-05	0.545,0.565,0.649,0.613,0.623,0.539	1.0,0.927,0.872,0.734,1.0,0.907	-0.318
998	AT2G43490	NA	chr2	-	18058044	18058198	18058056	18058198	18057838	18057937	998	40,59,35,48,50,41	9,15,18,11,20,8	11,10,11,30,21,13	21,23,38,47,26,6	161	149	1.56608287405E-06	6.20467119623619E-05	0.804,0.784,0.643,0.802,0.698,0.826	0.326,0.287,0.211,0.371,0.428,0.667	0.378
1097	AT2G39730	NA	chr2	-	16571179	16571472	16571190	16571472	16570745	16571066	1097	6226,10568,7029,6135,7596,7221	6618,11068,7128,6393,7727,7510	16521,11251,13555,16787,19109,6952	5891,4031,4787,6027,7431,2466	160	149	0	0	0.467,0.471,0.479,0.472,0.478,0.472	0.723,0.722,0.725,0.722,0.705,0.724	-0.247
1098	AT1G77890	NA	chr1	+	29293206	29293278	29293206	29293272	29293400	29293478	1098	31,58,27,17,27,38	3,0,1,3,1,3	13,10,6,11,8,2	17,4,9,11,18,6	155	149	9.80437953046E-13	7.76880358985021E-11	0.909,1.0,0.963,0.845,0.963,0.924	0.424,0.706,0.391,0.49,0.299,0.243	0.509
1123	AT1G18950	NA	chr1	+	6550477	6550681	6550477	6550669	6550762	6552108	1123	17,37,22,11,38,26	26,38,28,33,38,41	48,32,47,71,62,16	4,6,3,2,2,1	161	149	0	0	0.377,0.474,0.421,0.236,0.481,0.37	0.917,0.832,0.935,0.97,0.966,0.937	-0.533
1124	AT1G18950	NA	chr1	+	6550477	6550681	6550477	6550669	6550768	6551919	1124	3,4,1,3,4,2	12,25,27,13,15,20	6,6,6,13,7,0	3,4,4,0,4,1	161	149	0.0000242141260204	0.000820762965378304	0.188,0.129,0.033,0.176,0.198,0.085	0.649,0.581,0.581,1.0,0.618,0.0	-0.437
1136	AT4G15090	NA	chr4	+	8614059	8614344	8614059	8614273	8614692	8616929	1136	30,21,31,32,35,25	17,10,13,18,18,12	36,18,28,53,41,11	2,5,3,3,6,1	220	149	9.25770964011E-06	0.00033488758350311	0.544,0.587,0.618,0.546,0.568,0.585	0.924,0.709,0.863,0.923,0.822,0.882	-0.279
1156	AT1G16780	NA	chr1	-	5744111	5744213	5744138	5744213	5743470	5743829	1156	23,18,22,17,14,29	0,1,0,0,1,0	8,9,5,12,7,8	5,6,5,5,7,0	176	149	0.0000313141601996	0.0010217012269046	1.0,0.938,1.0,1.0,0.922,1.0	0.575,0.559,0.458,0.67,0.458,1.0	0.357
1173	AT1G16560	NA	chr1	+	5668392	5668739	5668392	5668709	5668918	5669039	1173	8,11,7,6,5,9	0,6,0,1,3,2	0,1,2,5,3,1	5,4,5,10,10,2	179	149	7.16732402317E-08	3.7270084920484E-06	1.0,0.604,1.0,0.833,0.581,0.789	0.0,0.172,0.25,0.294,0.2,0.294	0.6
1178	AT1G06710	NA	chr1	-	2056632	2057043	2056650	2057043	2056233	2056329	1178	5,6,6,4,14,7	1,0,1,1,0,4	5,4,0,1,7,1	7,5,7,3,10,0	167	149	0.0000105895704389	0.000374915855538928	0.817,1.0,0.843,0.781,1.0,0.61	0.389,0.416,0.0,0.229,0.384,1.0	0.439
1219	AT1G05400	NA	chr1	+	1584313	1584588	1584313	1584581	1584680	1585060	1219	7,7,6,5,14,14	0,1,0,0,0,1	7,1,4,9,5,3	5,0,2,2,7,4	156	149	0.00137400419583	0.0331354055342191	1.0,0.87,1.0,1.0,1.0,0.93	0.572,1.0,0.656,0.811,0.406,0.417	0.323
1260	AT4G17570	NA	chr4	-	9785983	9786364	9785995	9786364	9785503	9785903	1260	23,21,13,29,32,33	21,37,37,29,36,53	46,29,45,52,45,19	5,3,3,7,4,5	161	149	0	0	0.503,0.344,0.245,0.481,0.451,0.366	0.895,0.899,0.933,0.873,0.912,0.779	-0.483
1263	AT1G23080	NA	chr1	-	8182205	8183650	8182217	8183650	8181857	8182128	1263	89,100,128,61,97,105	1.53230225174187E+017	231,136,174,273,227,79	34,34,36,43,54,14	161	149	0	0	0.35,0.287,0.345,0.245,0.324,0.296	0.863,0.787,0.817,0.855,0.796,0.839	-0.518
1264	AT1G05230	NA	chr1	-	1513824	1513920	1513830	1513920	1513373	1513744	1264	46,45,39,19,56,37	5,10,9,9,10,5	30,24,20,20,37,7	49,30,36,22,32,22	155	149	4.40115721645E-11	3.18414156877078E-09	0.898,0.812,0.806,0.67,0.843,0.877	0.37,0.435,0.348,0.466,0.526,0.234	0.421
1413	AT1G80270	NA	chr1	+	30180906	30181077	30180906	30181053	30181231	30181293	1413	7,5,11,9,9,12	0,3,14,6,6,6	9,2,8,22,25,8	2,1,0,2,1,2	173	149	0.00100839174083	0.0251344551103236	1.0,0.589,0.404,0.564,0.564,0.633	0.795,0.633,1.0,0.905,0.956,0.775	-0.218
1458	AT2G03140	NA	chr2	+	949989	950231	949989	950208	950308	950717	1458	8,15,10,3,13,16	6,5,11,3,9,3	12,13,15,16,24,7	0,0,0,1,1,0	172	149	1.2115247805E-07	5.75993495643429E-06	0.536,0.722,0.441,0.464,0.556,0.822	1.0,1.0,1.0,0.933,0.954,1.0	-0.391
1459	AT2G16930	NA	chr2	+	7341077	7341247	7341077	7341210	7341488	7341588	1459	19,8,14,14,29,24	2.05330273268339E+017	68,55,81,102,102,21	135,98,99,120,171,50	186	149	0	0	0.069,0.019,0.039,0.04,0.064,0.057	0.287,0.31,0.396,0.405,0.323,0.252	-0.281
1505	AT2G23140	NA	chr2	-	9848939	9849379	9849103	9849379	9848501	9848769	1505	39,34,32,27,32,32	34,41,42,25,56,36	4,7,10,7,6,5	19,17,18,57,41,12	313	149	0.00195105460737	0.0441339679363805	0.353,0.283,0.266,0.34,0.214,0.297	0.091,0.164,0.209,0.055,0.065,0.166	0.167
1508	AT2G45540	NA	chr2	-	18772378	18772459	18772421	18772459	18770275	18772281	1508	6,3,2,5,0,6	4,9,3,5,4,3	2,10,19,15,18,7	1,1,1,7,1,2	192	149	0.000155410855297	0.00445868384852083	0.538,0.206,0.341,0.437,0.0,0.608	0.608,0.886,0.936,0.624,0.933,0.731	-0.431
1640	AT2G38280	NA	chr2	-	16033726	16033835	16033741	16033835	16033291	16033654	1640	57,92,79,61,82,84	92,133,113,99,115,120	94,78,79,159,119,52	50,55,56,90,79,12	164	149	0.000107866111925	0.00332387426376296	0.36,0.386,0.388,0.359,0.393,0.389	0.631,0.563,0.562,0.616,0.578,0.797	-0.245
1644	AT2G38710	NA	chr2	-	16186904	16187273	16186915	16187273	16186660	16186823	1644	1,3,1,2,6,3	0,1,0,0,1,0	0,0,1,0,1,1	3,1,0,3,6,1	160	149	9.92289583834E-11	6.87987444791573E-09	1.0,0.736,1.0,1.0,0.848,1.0	0.0,0.0,1.0,0.0,0.134,0.482	0.661
1693	AT2G43500	NA	chr2	+	18062530	18062599	18062530	18062595	18062693	18063659	1693	1,7,5,3,5,1	1,6,5,4,2,1	0,0,0,0,0,0	3,1,3,8,10,2	153	149	5.36920230498E-08	2.88204923725378E-06	0.493,0.532,0.493,0.422,0.709,0.493	0.0,0.0,0.0,0.0,0.0,0.0	0.524
1712	AT2G46270	NA	chr2	+	19002054	19002230	19002054	19002161	19002321	19002399	1712	63,121,121,88,125,119	27,32,32,38,27,43	119,58,59,117,159,49	7,7,6,6,6,2	218	149	1.06302802005E-07	5.20258419224471E-06	0.615,0.721,0.721,0.613,0.76,0.654	0.921,0.85,0.87,0.93,0.948,0.944	-0.23
1738	AT1G78910	NA	chr1	+	29665165	29665602	29665165	29665589	29665763	29665835	1738	11,11,15,7,10,15	1,6,7,9,8,13	10,11,11,15,6,2	0,0,0,0,3,0	162	149	8.41768740267E-08	4.24455510243724E-06	0.91,0.628,0.663,0.417,0.535,0.515	1.0,1.0,1.0,1.0,0.648,1.0	-0.33
1748	AT2G46610	NA	chr2	-	19137830	19138514	19138386	19138514	19137568	19137681	1748	90,129,118,105,125,91	20,23,14,13,12,11	91,72,75,128,120,48	5,2,2,1,0,0	705	149	1.19501162299E-08	7.10178335948343E-07	0.487,0.542,0.64,0.631,0.688,0.636	0.794,0.884,0.888,0.964,1.0,1.0	-0.318
1769	AT3G05380	NA	chr3	+	1539581	1539763	1539581	1539728	1540549	1540660	1769	16,22,24,14,20,18	13,16,8,5,18,8	6,1,2,16,6,6	8,14,17,45,19,5	184	149	0.000112251768957	0.00339612624626269	0.499,0.527,0.708,0.694,0.474,0.646	0.378,0.055,0.087,0.224,0.204,0.493	0.351
1817	AT3G12250	NA	chr3	+	3906243	3906525	3906243	3906416	3906620	3906692	1817	3,8,9,12,7,6	40,37,27,32,70,35	19,11,13,28,19,4	18,8,21,24,22,8	258	149	0.000141570124654	0.00413285416533782	0.042,0.111,0.161,0.178,0.055,0.09	0.379,0.443,0.263,0.403,0.333,0.224	-0.235
1830	AT3G13580	NA	chr3	+	4433152	4433596	4433152	4433342	4433806	4433988	1830	10,4,5,8,12,17	2,8,3,0,3,3	12,2,2,16,5,2	1,0,0,2,0,1	403	149	0.000100520973755	0.00315597925147774	0.649,0.156,0.381,1.0,0.597,0.677	0.816,1.0,1.0,0.747,1.0,0.425	-0.255
1836	AT3G14010	NA	chr3	+	4638722	4638938	4638722	4638932	4639006	4639107	1836	1.842802461983E+017	51,90,83,69,89,86	19,11,16,13,27,2	2.77265220372375E+017	155	149	0	0	0.776,0.749,0.74,0.734,0.764,0.705	0.062,0.038,0.065,0.033,0.065,0.015	0.698
1868	AT3G19860	NA	chr3	+	6903756	6904068	6903756	6903989	6904567	6904675	1868	4.53682535461711E+017	63,91,84,55,88,79	6.95445536664856E+017	9,11,5,17,20,11	228	149	0.0000442295568474	0.0014153458191168	0.825,0.83,0.806,0.846,0.841,0.847	0.981,0.964,0.986,0.962,0.965,0.953	-0.136
1876	AT3G21175	NA	chr3	+	7423241	7423334	7423241	7423328	7423407	7423541	1876	36,44,32,28,47,43	58,67,83,72,84,65	4,3,6,6,7,0	84,53,77,97,104,42	155	149	5.55111512313E-16	5.43356209699313E-14	0.374,0.387,0.27,0.272,0.35,0.389	0.044,0.052,0.07,0.056,0.061,0.0	0.293
1896	AT3G24929	NA	chr3	+	9105605	9106239	9105605	9105713	9106323	9106883	1896	35,92,66,58,43,48	1,1,2,0,1,2	16,22,44,64,48,25	3,3,1,7,12,1	675	149	0.00157863329847	0.0369978282909025	0.885,0.953,0.879,1.0,0.905,0.841	0.541,0.618,0.907,0.669,0.469,0.847	0.235
1927	AT3G20070	NA	chr3	-	7006705	7006941	7006733	7006941	7006577	7006635	1927	11,22,20,7,20,9	4,13,7,6,7,4	4,7,5,7,0,2	12,17,7,24,10,11	177	149	2.83069104934E-07	1.23954471213204E-05	0.698,0.588,0.706,0.495,0.706,0.654	0.219,0.257,0.376,0.197,0.0,0.133	0.444
33	AT5G63700	NA	chr5	-	25494356	25494637	25494356	25494407	25494577	25494637	33	5,5,6,3,6,3	20,24,16,11,29,16	30,31,31,59,50,35	6,7,11,15,12,2	319	149	0	0	0.105,0.089,0.149,0.113,0.088,0.081	0.7,0.674,0.568,0.648,0.661,0.891	-0.586
64	AT5G60940	NA	chr5	+	24523577	24523849	24523577	24523687	24523779	24523849	64	7,6,14,14,9,7	26,40,54,34,75,47	22,25,27,49,47,24	28,16,17,28,37,6	241	149	1.47558543162E-09	2.56853629614405E-07	0.143,0.085,0.138,0.203,0.069,0.084	0.327,0.491,0.495,0.52,0.44,0.712	-0.377
149	AT5G50915	NA	chr5	-	20710102	20710838	20710102	20710590	20710724	20710838	149	2,1,4,0,5,0	3,10,11,4,24,7	10,10,12,5,13,5	11,5,13,4,3,7	283	149	0.000150046086977	0.010375789685752	0.26,0.05,0.161,0.0,0.099,0.0	0.324,0.513,0.327,0.397,0.695,0.273	-0.327
242	AT5G40530	NA	chr5	+	16235698	16235927	16235698	16235813	16235882	16235927	242	4,11,8,6,15,14	13,33,49,18,37,29	29,32,29,54,40,12	36,25,25,37,36,13	218	149	0.000032045522668	0.00294119633505571	0.174,0.186,0.1,0.186,0.217,0.248	0.355,0.467,0.442,0.499,0.432,0.387	-0.245
295	AT5G27630	NA	chr5	+	9779718	9780154	9779718	9779844	9780007	9780154	295	6,3,8,8,3,4	2,4,4,3,5,1	7,4,4,8,3,4	0,1,0,0,1,0	312	149	5.12750586434E-09	7.6128381185848E-07	0.589,0.264,0.489,0.56,0.223,0.656	1.0,0.656,1.0,1.0,0.589,1.0	-0.411
352	AT5G22875	NA	chr5	+	7650581	7651389	7650581	7650681	7651265	7651389	352	30,41,48,26,59,52	99,158,117,89,124,136	116,80,96,180,170,83	91,72,84,97,155,42	733	149	0.000439596741297	0.0270620042691129	0.058,0.05,0.077,0.056,0.088,0.072	0.206,0.184,0.189,0.274,0.182,0.287	-0.153
634	AT4G38380	NA	chr4	-	17974276	17974799	17974276	17974419	17974518	17974799	634	4,6,4,1,2,2	19,24,17,20,18,16	9,6,6,16,22,6	1,1,3,4,8,0	248	149	5.24469356833E-13	1.76501420886199E-10	0.112,0.131,0.124,0.029,0.063,0.07	0.844,0.783,0.546,0.706,0.623,1.0	-0.662
664	AT4G35785	NA	chr4	-	16953522	16953890	16953522	16953592	16953724	16953890	664	1.35242254174302E+017	20,14,27,15,22,25	108,82,92,145,135,60	43,27,16,40,43,18	281	149	0.0000483979462172	0.00414089546617671	0.782,0.902,0.833,0.86,0.879,0.838	0.571,0.617,0.753,0.658,0.625,0.639	0.205
673	AT5G37850	NA	chr5	+	15065299	15065701	15065299	15065479	15065604	15065701	673	1.1616114212423E+017	9.51721341131942E+016	23,31,37,62,75,24	192,129,141,208,272,80	274	149	0	0	0.399,0.337,0.366,0.374,0.392,0.346	0.061,0.116,0.125,0.139,0.13,0.14	0.251
691	AT4G34310	NA	chr4	+	16418809	16419095	16418809	16418893	16418993	16419095	691	1,5,7,4,3,3	30,54,42,58,51,29	13,6,10,14,20,6	17,11,20,26,29,14	249	149	0.000141102157245	0.00989282902462167	0.02,0.052,0.091,0.04,0.034,0.058	0.314,0.246,0.23,0.244,0.292,0.204	-0.206
708	AT4G32850	NA	chr4	+	15853669	15854211	15853669	15853960	15854043	15854211	708	53,61,62,46,83,58	11,13,10,17,25,26	88,67,83,131,99,40	6,2,4,7,14,2	232	149	0.000755700977675	0.0414649840793848	0.756,0.751,0.799,0.635,0.681,0.589	0.904,0.956,0.93,0.923,0.82,0.928	-0.208
753	AT4G29930	NA	chr4	+	14644859	14645117	14644859	14644982	14645060	14645117	753	18,20,14,15,13,10	1,4,1,1,4,2	1,3,12,5,7,5	2,0,0,2,0,0	227	149	0.000235084446842	0.0158227505021122	0.922,0.766,0.902,0.908,0.681,0.766	0.247,1.0,1.0,0.621,1.0,1.0	0.013
814	AT4G24740	NA	chr4	-	12754945	12755239	12754945	12755048	12755141	12755239	814	19,59,36,24,34,26	1.62201195160219E+017	108,63,79,144,145,62	186,130,144,194,209,55	242	149	5.30124947162E-07	6.40258523299004E-05	0.067,0.153,0.102,0.085,0.087,0.066	0.263,0.23,0.252,0.314,0.299,0.41	-0.201
1311	AT3G57680	NA	chr3	+	21381477	21381768	21381477	21381559	21381637	21381768	1311	0,1,2,0,0,2	2,2,4,1,2,3	1,3,5,5,8,6	1,0,0,2,4,2	227	149	1.93600971699E-07	2.57183606614882E-05	0.0,0.247,0.247,0.0,0.0,0.304	0.396,1.0,1.0,0.621,0.568,0.663	-0.575
1320	AT4G08980	NA	chr4	+	5758019	5759303	5758019	5758484	5758981	5759303	1320	114,144,122,99,145,101	83,168,122,82,142,120	2.972552145004E+017	97,51,78,75,73,32	646	149	4.99822405686E-13	1.76501420886199E-10	0.241,0.165,0.187,0.218,0.191,0.163	0.414,0.536,0.388,0.606,0.558,0.52	-0.309
1341	AT3G55850	NA	chr3	-	20724352	20725024	20724352	20724459	20724648	20725024	1341	97,123,125,90,146,84	21,43,34,41,48,23	144,169,147,189,189,79	22,9,12,23,23,8	338	149	0.000100404881838	0.00745358593409153	0.671,0.558,0.618,0.492,0.573,0.617	0.743,0.892,0.844,0.784,0.784,0.813	-0.222
1343	AT3G55850	NA	chr3	-	20724648	20725024	20724648	20724721	20724922	20725024	1343	108,145,137,106,143,72	38,50,45,45,62,32	148,188,137,235,249,66	30,19,18,33,34,13	350	149	0.0000344088118265	0.00307134530212104	0.547,0.552,0.564,0.501,0.495,0.489	0.677,0.808,0.764,0.752,0.757,0.684	-0.216
1368	AT3G54500	NA	chr3	-	20178713	20179027	20178713	20178804	20178940	20179027	1368	71,85,53,42,79,65	39,66,43,28,44,35	2.27281254285436E+017	40,60,59,53,102,25	285	149	1.05499253777E-09	1.90200083237963E-07	0.488,0.402,0.392,0.44,0.484,0.493	0.748,0.71,0.692,0.738,0.691,0.839	-0.286
1517	AT2G27340	NA	chr2	+	11696936	11697554	11696936	11697163	11697448	11697554	1517	31,71,46,46,60,60	7,8,19,7,20,9	79,64,83,166,169,71	3,2,4,3,4,3	434	149	7.79143413565E-07	8.938899890173E-05	0.603,0.753,0.454,0.693,0.507,0.696	0.9,0.917,0.877,0.95,0.936,0.89	-0.294
1664	AT2G04790	NA	chr2	+	1679804	1680176	1679804	1679909	1680014	1680176	1664	9,2,5,5,4,7	9,11,6,8,8,19	5,5,7,10,11,6	0,0,0,0,0,2	254	149	1.11022302463E-16	6.22711758703582E-14	0.37,0.096,0.328,0.268,0.227,0.178	1.0,1.0,1.0,1.0,1.0,0.638	-0.695
1873	AT2G22570	NA	chr2	-	9589796	9590214	9589796	9589982	9590080	9590214	1873	23,56,20,24,40,23	104,143,85,69,90,72	58,48,53,86,85,21	54,22,33,28,61,15	247	149	3.52204931886E-11	7.4080437340022E-09	0.118,0.191,0.124,0.173,0.211,0.162	0.393,0.568,0.492,0.649,0.457,0.458	-0.34
1885	AT2G23980	NA	chr2	-	10202597	10203193	10202597	10202911	10202980	10203193	1885	25,21,24,18,23,22	89,161,108,86,149,147	40,68,67,124,84,41	94,56,77,120,142,54	218	149	1.88878642948E-07	2.57183606614882E-05	0.161,0.082,0.132,0.125,0.095,0.093	0.225,0.454,0.373,0.414,0.288,0.342	-0.235
1886	AT2G23980	NA	chr2	-	10203940	10204534	10203940	10204040	10204387	10204534	1886	55,77,71,57,64,87	21,36,25,27,38,36	83,92,91,113,193,64	13,13,17,25,23,5	496	149	0.0000555318039442	0.00459548436574298	0.44,0.391,0.46,0.388,0.336,0.421	0.657,0.68,0.617,0.576,0.716,0.794	-0.267
1983	AT1G56612	NA	chr1	-	21214719	21215407	21214719	21214789	21215106	21215407	1983	1.16200172111223E+017	12,27,29,26,37,32	2.99273265416444E+017	4,4,0,1,8,2	466	149	0	0	0.756,0.703,0.655,0.577,0.658,0.605	0.96,0.956,1.0,0.993,0.947,0.955	-0.31
2013	AT2G04690	NA	chr2	+	1645913	1646443	1645913	1646031	1646154	1646443	2013	8.81461241131471E+016	1.14191159149264E+017	1.92143204252266E+017	88,100,79,120,133,49	272	149	1.42980072226E-11	3.28074274816749E-09	0.297,0.295,0.299,0.294,0.234,0.237	0.544,0.439,0.586,0.535,0.523,0.579	-0.258
2119	AT1G54440	NA	chr1	+	20326797	20327518	20326797	20326956	20327359	20327518	2119	16,40,18,31,37,21	20,47,28,21,28,31	28,28,16,46,45,10	4,5,4,15,15,2	552	149	0.0000199585373998	0.00190095654328661	0.178,0.187,0.148,0.285,0.263,0.155	0.654,0.602,0.519,0.453,0.447,0.574	-0.339
2148	AT1G79620	NA	chr1	-	29958525	29958981	29958525	29958745	29958841	29958981	2148	4,11,4,14,8,11	19,17,11,14,13,21	4,15,8,11,10,11	0,2,2,4,4,2	245	149	1.20847901608E-06	0.000132617436373301	0.114,0.282,0.181,0.378,0.272,0.242	1.0,0.82,0.709,0.626,0.603,0.77	-0.51
2149	AT1G79620	NA	chr1	-	29959363	29960052	29959363	29959839	29959917	29960052	2149	2,3,4,3,9,3	20,24,16,17,21,14	1,10,11,16,7,1	2,5,3,9,1,0	227	149	0.0000614327690408	0.00492242250980886	0.062,0.076,0.141,0.104,0.22,0.123	0.247,0.568,0.706,0.539,0.821,1.0	-0.526
2180	AT1G49980	NA	chr1	+	18511848	18512512	18511848	18511962	18512089	18512512	2180	8,18,19,8,18,11	17,24,25,21,27,43	27,29,30,43,53,22	12,6,12,12,24,6	276	149	2.0807976453E-09	3.42606114545778E-07	0.203,0.288,0.291,0.171,0.265,0.121	0.548,0.723,0.574,0.659,0.544,0.664	-0.395
2305	AT1G15490	NA	chr1	-	5322652	5323895	5322652	5322960	5323157	5323895	2305	3,6,3,5,6,8	8,13,16,7,5,7	3,8,7,8,4,3	0,1,0,0,5,0	346	149	3.97274383723E-07	5.01360272258426E-05	0.139,0.166,0.075,0.235,0.341,0.33	1.0,0.775,1.0,1.0,0.256,1.0	-0.624
2385	AT5G63370	NA	chr5	-	25383809	25387261	25383809	25385077	25385150	25387261	2385	2.37396281244324E+017	71,131,99,109,157,127	4.28372348536553E+017	40,41,33,40,66,27	222	149	1.21125331987E-13	4.70338981438751E-11	0.691,0.67,0.656,0.6,0.581,0.629	0.878,0.859,0.876,0.9,0.849,0.813	-0.225
2432	AT1G01700	NA	chr1	-	259689	260417	259689	260034	260117	260417	2432	3,3,4,10,6,1	0,1,1,1,1,1	2,1,0,4,10,0	2,1,1,4,4,1	232	149	0.0000792279235403	0.00615296243125284	1.0,0.658,0.72,0.865,0.794,0.391	0.391,0.391,0.0,0.391,0.616,0.0	0.44
2456	AT1G02960	NA	chr1	-	667150	667437	667150	667281	667372	667437	2456	49,82,64,57,101,66	48,101,68,48,79,66	19,23,18,37,39,16	79,70,74,72,100,25	240	149	0.0000881491239552	0.00668418969499665	0.388,0.335,0.369,0.424,0.443,0.383	0.13,0.169,0.131,0.242,0.195,0.284	0.199
2504	AT1G80780	NA	chr1	+	30357999	30359555	30357999	30358295	30358378	30359555	2504	2.34373310243329E+017	2.40340346273361E+017	5.814515627319E+017	140,76,126,147,161,63	232	149	0	0	0.385,0.413,0.365,0.364,0.369,0.345	0.727,0.792,0.741,0.762,0.782,0.764	-0.388
2533	AT2G33540	NA	chr2	-	14207913	14209192	14207913	14208049	14208174	14209192	2533	44,85,46,50,66,68	28,36,17,29,49,28	91,120,118,218,182,81	8,7,13,18,9,7	274	149	1.11022302463E-15	5.09491438939295E-13	0.461,0.562,0.595,0.484,0.423,0.569	0.861,0.903,0.832,0.868,0.917,0.863	-0.358
2562	AT2G02760	NA	chr2	+	773683	774144	773683	773924	774003	774144	2562	2,2,3,3,2,2	2,5,5,2,3,2	9,4,9,17,11,1	2,1,0,1,0,0	228	149	1.99031569004E-10	3.86427446281612E-08	0.395,0.207,0.282,0.495,0.303,0.395	0.746,0.723,1.0,0.917,1.0,1.0	-0.552
2594	AT4G30130	NA	chr4	+	14736799	14738335	14736799	14737023	14737093	14738335	2594	5,6,10,7,8,10	5,0,0,0,0,2	2,1,3,8,11,3	3,2,2,7,1,3	219	149	0.000743302521709	0.0414649840793848	0.405,1.0,1.0,1.0,1.0,0.773	0.312,0.254,0.505,0.437,0.882,0.405	0.397
2598	AT1G07170	NA	chr1	+	2200173	2200539	2200173	2200219	2200462	2200539	2598	8,17,11,9,18,19	2,2,3,5,6,6	4,2,3,31,22,5	0,0,3,0,2,0	392	149	0.000246238286087	0.0163554061600944	0.603,0.764,0.582,0.406,0.533,0.546	1.0,1.0,0.275,1.0,0.807,1.0	-0.275
2670	AT3G19460	NA	chr3	+	6748758	6749322	6748758	6748909	6748990	6749322	2670	3,16,4,9,9,13	19,37,23,23,39,40	6,2,6,8,10,2	3,0,2,2,5,2	230	149	0.00013531600927	0.00962077767316845	0.093,0.219,0.101,0.202,0.13,0.174	0.564,1.0,0.66,0.722,0.564,0.393	-0.497
2789	AT1G27900	NA	chr1	-	9716178	9716607	9716178	9716339	9716537	9716607	2789	7,13,17,9,13,5	53,38,52,30,61,48	42,35,37,86,69,16	28,25,25,37,32,12	347	149	3.33066907388E-16	1.68132174849462E-13	0.054,0.128,0.123,0.114,0.084,0.043	0.392,0.375,0.389,0.5,0.481,0.364	-0.326
2891	AT2G43920	NA	chr2	-	18190253	18190691	18190253	18190340	18190560	18190691	2891	14,18,8,21,20,18	45,66,67,71,115,82	68,54,51,34,89,22	57,40,65,42,87,38	369	149	8.74520432681E-06	0.000919703988369518	0.112,0.099,0.046,0.107,0.066,0.081	0.325,0.353,0.241,0.246,0.292,0.189	-0.189
2907	AT2G16990	NA	chr2	+	7386762	7386931	7386762	7386795	7386877	7386931	2907	5,7,3,3,4,1	17,13,14,14,11,6	14,4,7,18,3,6	1,2,4,4,5,8	231	149	0.000487135978601	0.0289301461173864	0.159,0.258,0.121,0.121,0.19,0.097	0.9,0.563,0.53,0.744,0.279,0.326	-0.399
2923	AT5G01950	NA	chr5	-	364901	365835	364901	365507	365584	365835	2923	14,11,6,12,14,11	81,134,102,90,139,154	24,26,36,42,54,18	69,79,67,97,118,45	226	149	0.000692651885325	0.0392865923271978	0.102,0.051,0.037,0.081,0.062,0.045	0.187,0.178,0.262,0.222,0.232,0.209	-0.152
2927	AT5G01950	NA	chr5	-	369690	370216	369690	369786	369894	370216	2927	10,8,4,6,12,12	25,33,23,11,36,29	11,12,13,20,21,14	12,7,13,17,17,6	257	149	0.000607295196925	0.0352370822307747	0.188,0.123,0.092,0.24,0.162,0.193	0.347,0.498,0.367,0.405,0.417,0.575	-0.269
2977	AT4G01915	NA	chr4	+	827597	827988	827597	827717	827800	827988	2977	10,27,14,14,30,20	6,4,11,18,14,11	18,10,8,20,25,11	0,2,2,1,4,0	232	149	0.0000592663011207	0.00482542400092409	0.517,0.813,0.45,0.333,0.579,0.539	1.0,0.763,0.72,0.928,0.801,1.0	-0.33
3003	AT1G09910	NA	chr1	-	3223733	3224541	3223733	3223831	3224378	3224541	3003	16,44,30,14,50,11	53,102,77,72,67,73	57,56,49,60,43,22	19,10,15,19,22,9	696	149	1.62392321812E-12	5.1234777531686E-10	0.061,0.085,0.077,0.04,0.138,0.031	0.391,0.545,0.412,0.403,0.295,0.344	-0.326
3008	AT1G06960	NA	chr1	+	2137066	2137838	2137066	2137146	2137263	2137838	3008	60,73,79,70,74,99	36,72,66,42,83,59	104,95,107,124,142,54	25,21,23,22,34,15	266	149	7.20592352454E-09	1.03930005576794E-06	0.483,0.362,0.401,0.483,0.333,0.485	0.7,0.717,0.723,0.759,0.701,0.668	-0.287
3067	AT3G20480	NA	chr3	-	7152988	7153464	7152988	7153112	7153196	7153464	3067	1,11,6,3,0,9	6,8,11,2,10,2	2,2,2,4,5,5	2,0,0,3,0,0	233	149	0.0000148601129024	0.00144257403714068	0.096,0.468,0.259,0.49,0.0,0.742	0.39,1.0,1.0,0.46,1.0,1.0	-0.466
3200	AT4G31150	NA	chr4	-	15144188	15144609	15144188	15144317	15144492	15144609	3200	12,22,11,20,16,31	57,65,71,45,94,74	63,44,37,76,66,25	41,31,34,55,73,21	324	149	2.41794273492E-09	3.8143046643363E-07	0.088,0.135,0.067,0.17,0.073,0.162	0.414,0.395,0.334,0.389,0.294,0.354	-0.247
3240	AT3G21755	NA	chr3	-	7666297	7666946	7666297	7666791	7666912	7666946	3240	5,10,9,5,9,6	0,5,3,0,3,0	4,8,1,6,13,1	2,0,1,1,0,0	270	149	0.000109070782389	0.00797955521014017	1.0,0.525,0.623,1.0,0.623,1.0	0.525,1.0,0.356,0.768,1.0,1.0	0.02
3293	AT1G18660	NA	chr1	+	6420974	6421501	6420974	6421303	6421397	6421501	3293	66,83,81,56,74,77	55,70,44,60,75,84	1.62136139276267E+017	58,36,31,60,56,36	243	149	7.3062544903E-10	1.36599898766794E-07	0.424,0.421,0.53,0.364,0.377,0.36	0.631,0.698,0.733,0.738,0.745,0.656	-0.288
3378	AT1G23360	NA	chr1	-	8296253	8296509	8296253	8296342	8296418	8296509	3378	17,18,16,14,18,19	22,53,45,35,54,36	43,19,14,33,41,10	28,12,6,21,21,12	225	149	0.0000280675060486	0.00262379204691357	0.339,0.184,0.191,0.209,0.181,0.259	0.504,0.512,0.607,0.51,0.564,0.356	-0.282
3460	AT1G16560	NA	chr1	+	5668572	5669039	5668572	5668739	5668918	5669039	3460	10,8,10,11,11,12	4,6,6,5,2,7	8,16,12,20,20,4	0,0,0,0,1,0	328	149	6.70241639966E-12	1.61113323740398E-09	0.532,0.377,0.431,0.5,0.714,0.438	1.0,1.0,1.0,1.0,0.901,1.0	-0.485
3803	AT1G55810	NA	chr1	+	20860506	20861414	20860506	20860831	20861270	20861414	3803	84,141,112,76,159,103	46,70,82,69,118,71	150,131,153,287,229,92	40,28,42,85,69,27	588	149	0.0000346804045604	0.00307134530212104	0.316,0.338,0.257,0.218,0.255,0.269	0.487,0.542,0.48,0.461,0.457,0.463	-0.206
3811	AT2G43680	NA	chr2	+	18108629	18109138	18108629	18108719	18109068	18109138	3811	15,23,38,8,30,31	11,25,17,16,25,19	38,12,26,35,42,17	3,2,5,9,4,4	498	149	8.48649542862E-06	0.000911485721780293	0.29,0.216,0.401,0.13,0.264,0.328	0.791,0.642,0.609,0.538,0.759,0.56	-0.378
3839	AT1G12750	NA	chr1	-	4347423	4348390	4347423	4347790	4348240	4348390	3839	9,12,11,4,8,7	12,26,26,23,26,13	28,20,10,44,35,17	10,6,16,11,12,7	599	149	0.0000530678021518	0.00446477108770477	0.157,0.103,0.095,0.041,0.071,0.118	0.411,0.453,0.135,0.499,0.42,0.377	-0.285
3987	AT3G23480	NA	chr3	+	8420277	8420595	8420277	8420426	8420495	8420595	3987	3,0,1,2,3,3	12,11,6,4,5,10	1,1,7,5,7,1	0,0,0,0,0,1	218	149	1.66533453694E-15	7.00550728539427E-13	0.146,0.0,0.102,0.255,0.291,0.17	1.0,1.0,1.0,1.0,1.0,0.406	-0.74
4031	AT3G59810	NA	chr3	+	22096502	22096955	22096502	22096596	22096769	22096955	4031	3,2,3,0,7,1	3,5,1,5,2,2	5,4,2,5,7,1	1,1,1,1,0,0	322	149	5.32703208767E-07	6.40258523299004E-05	0.316,0.156,0.581,0.0,0.618,0.188	0.698,0.649,0.481,0.698,1.0,1.0	-0.445
4066	AT1G14970	NA	chr1	-	5164277	5165139	5164277	5164347	5164536	5165139	4066	7,6,13,8,13,1	2,6,5,2,2,2	1,2,1,9,10,1	1,0,0,0,0,0	338	149	0.0000112902761721	0.00111751596307374	0.607,0.306,0.534,0.638,0.741,0.181	0.306,1.0,1.0,1.0,1.0,1.0	-0.383
4067	AT1G66760	NA	chr1	+	24901977	24902981	24901977	24902358	24902436	24902981	4067	9,10,16,6,25,13	1.67247203196256E+017	88,86,82,134,165,51	123,75,86,152,161,49	227	149	0	0	0.034,0.026,0.049,0.02,0.06,0.034	0.32,0.429,0.385,0.367,0.402,0.406	-0.348
4084	AT5G03500	NA	chr5	-	877525	878549	877525	877666	878116	878549	4084	39,54,47,37,73,73	74,88,78,45,119,88	123,94,107,178,145,87	72,42,86,77,88,37	599	149	0.00037300596949	0.0241401812049426	0.116,0.132,0.13,0.17,0.132,0.171	0.298,0.358,0.236,0.365,0.291,0.369	-0.178
4086	AT5G03500	NA	chr5	-	877525	878549	877525	877898	878116	878549	4086	17,15,17,11,20,36	6,11,2,2,8,5	59,34,48,71,56,32	3,4,3,0,2,0	367	149	0.000121087018524	0.00873210385013074	0.535,0.356,0.775,0.691,0.504,0.745	0.889,0.775,0.867,1.0,0.919,1.0	-0.307
4099	AT1G78000	NA	chr1	+	29332544	29333212	29332544	29332621	29332733	29333212	4099	2.31326265225397E+017	2.18279255177228E+017	2.46192159289334E+017	70,52,86,119,120,36	261	149	0.0000625387059787	0.00493274043406996	0.377,0.4,0.372,0.421,0.499,0.374	0.667,0.678,0.513,0.581,0.614,0.673	-0.214
4168	AT2G03140	NA	chr2	+	949989	950717	949989	950208	950308	950717	4168	10,8,7,2,11,6	6,5,11,3,9,3	4,5,3,13,10,2	0,0,0,1,1,0	249	149	4.58755256005E-12	1.21884028016486E-09	0.499,0.489,0.276,0.285,0.422,0.545	1.0,1.0,1.0,0.886,0.857,1.0	-0.538
4213	AT2G45830	NA	chr2	+	18865922	18867160	18865922	18866503	18866606	18867160	4213	22,39,20,16,34,28	14,14,16,16,36,26	51,42,51,51,74,45	5,1,4,2,1,1	252	149	0	0	0.482,0.622,0.425,0.372,0.358,0.389	0.858,0.961,0.883,0.938,0.978,0.964	-0.489
4214	AT4G01510	NA	chr4	+	642942	643176	642942	642979	643086	643176	4214	7,21,7,6,0,5	5,6,10,4,9,3	3,6,1,10,2,4	0,0,0,0,2,0	256	149	2.10395989519E-09	3.42606114545778E-07	0.449,0.671,0.289,0.466,0.0,0.492	1.0,1.0,1.0,1.0,0.368,1.0	-0.5
4226	AT1G06430	NA	chr1	-	1961373	1962965	1961373	1962525	1962915	1962965	4226	8,5,5,2,4,4	1,1,1,0,0,0	4,3,9,4,1,5	4,1,3,3,6,0	539	149	2.51586795064E-07	3.256436260213E-05	0.689,0.58,0.58,1.0,1.0,1.0	0.217,0.453,0.453,0.269,0.044,1.0	0.402
4267	AT2G21195	NA	chr2	+	9083143	9083392	9083143	9083261	9083338	9083392	4267	28,64,31,54,52,34	86,140,112,86,96,74	69,93,57,90,106,51	54,50,74,79,99,47	226	149	0.000398361268963	0.0248262677250028	0.177,0.232,0.154,0.293,0.263,0.232	0.457,0.551,0.337,0.429,0.414,0.417	-0.209
4306	AT2G23040	NA	chr2	-	9809337	9809694	9809337	9809408	9809648	9809694	4306	13,18,13,7,14,9	3,4,2,1,3,3	7,14,8,7,22,6	0,0,0,0,0,1	389	149	0.000785490921696	0.0426361093841012	0.624,0.633,0.713,0.728,0.641,0.535	1.0,1.0,1.0,1.0,1.0,0.697	-0.304
4323	AT5G10710	NA	chr5	+	3382099	3382508	3382099	3382197	3382326	3382508	4323	26,28,31,27,24,30	55,81,69,54,107,71	56,55,45,100,97,36	46,37,47,70,63,9	278	149	0.000010832184502	0.00109361734732192	0.202,0.156,0.194,0.211,0.107,0.185	0.395,0.443,0.339,0.434,0.452,0.682	-0.282
4334	AT4G32590	NA	chr4	+	15721693	15722300	15721693	15721807	15722015	15722300	4334	7,22,7,12,11,8	2.70446329291431E+017	39,47,59,71,98,38	136,89,127,130,234,55	357	149	1.03083979075E-06	0.000115637316971244	0.011,0.02,0.009,0.017,0.011,0.01	0.107,0.181,0.162,0.186,0.149,0.224	-0.155
4378	AT2G25740	NA	chr2	+	10980121	10980688	10980121	10980344	10980620	10980688	4378	30,41,39,21,42,29	31,49,60,41,49,55	2.11220229382369E+017	36,24,33,34,46,8	425	149	0	0	0.253,0.227,0.186,0.152,0.231,0.156	0.673,0.763,0.709,0.798,0.738,0.888	-0.561
4403	AT2G26350	NA	chr2	-	11218115	11218706	11218115	11218192	11218332	11218706	4403	5,8,4,3,2,5	4,5,1,3,2,4	4,1,4,9,7,7	0,1,0,0,1,0	289	149	4.12629275193E-09	6.31197751870989E-07	0.392,0.452,0.673,0.34,0.34,0.392	1.0,0.34,1.0,1.0,0.783,1.0	-0.422
4485	AT1G51840	NA	chr1	-	19250077	19250863	19250077	19250211	19250604	19250863	4485	34,81,41,35,53,56	9,18,9,4,8,12	64,43,115,140,200,89	6,2,4,3,9,1	542	149	9.57091873666E-06	0.000985999954748157	0.509,0.553,0.556,0.706,0.646,0.562	0.746,0.855,0.888,0.928,0.859,0.961	-0.284
4515	AT2G31580	NA	chr2	-	13441751	13442107	13441751	13441837	13441937	13442107	4515	15,16,21,22,27,17	34,43,44,20,56,44	38,30,36,50,59,14	22,20,25,42,37,14	249	149	0.00083843979463	0.0450260008860877	0.209,0.182,0.222,0.397,0.224,0.188	0.508,0.473,0.463,0.416,0.488,0.374	-0.217
4548	AT3G04020	NA	chr3	+	1040873	1041151	1040873	1040958	1041064	1041151	4548	2,4,5,1,7,1	15,31,21,10,14,16	6,9,7,8,9,1	4,3,3,3,13,3	255	149	0.000482647759393	0.0289301461173864	0.072,0.07,0.122,0.055,0.226,0.035	0.467,0.637,0.577,0.609,0.288,0.163	-0.36
4643	AT2G36680	NA	chr2	-	15369245	15369495	15369245	15369361	15369448	15369495	4643	39,48,54,41,73,48	10,9,12,14,6,15	146,122,136,200,249,80	1,5,5,7,10,4	236	149	0.000388984265504	0.0245449071533024	0.711,0.771,0.74,0.649,0.885,0.669	0.989,0.939,0.945,0.947,0.94,0.927	-0.21
4644	AT2G36680	NA	chr2	-	15369245	15369495	15369245	15369366	15369448	15369495	4644	25,40,40,37,55,30	1.21148140123187E+017	135,111,126,185,226,75	86,58,83,92,143,51	231	149	0	0	0.118,0.148,0.156,0.163,0.159,0.113	0.503,0.552,0.495,0.565,0.505,0.487	-0.375
4872	AT4G25230	NA	chr4	+	12923845	12924682	12923845	12924044	12924372	12924682	4872	3,2,3,2,7,5	1,5,6,4,6,4	3,4,2,5,3,1	1,0,0,1,0,1	477	149	6.04873212073E-07	7.10093017335931E-05	0.484,0.111,0.135,0.135,0.267,0.281	0.484,1.0,1.0,0.61,1.0,0.238	-0.486
4944	AT2G46610	NA	chr2	-	19137568	19138514	19137568	19137681	19138386	19138514	4944	88,133,117,111,138,88	20,23,14,13,12,11	94,78,76,128,124,44	5,2,2,1,0,0	854	149	1.33378454947E-08	1.87026233492349E-06	0.434,0.502,0.593,0.598,0.667,0.583	0.766,0.872,0.869,0.957,1.0,1.0	-0.348
4946	AT3G02740	NA	chr3	+	590424	591167	590424	590808	591040	591167	4946	31,77,68,62,64,54	7.31511371031331E+016	100,93,109,126,177,50	59,66,53,64,73,19	381	149	2.87581070069E-12	8.07781693387462E-10	0.142,0.166,0.163,0.191,0.158,0.152	0.399,0.355,0.446,0.435,0.487,0.507	-0.276
5012	AT1G31850	NA	chr1	+	11430256	11431443	11430256	11430452	11431135	11431443	5012	5,7,7,10,14,11	20,14,21,14,21,22	10,12,16,26,14,4	1,1,1,7,4,4	832	149	0.00066971388557	0.0384172237995155	0.043,0.082,0.056,0.113,0.107,0.082	0.642,0.682,0.741,0.399,0.385,0.152	-0.42
5017	AT2G06025	NA	chr2	+	2350016	2350539	2350016	2350115	2350201	2350539	5017	30,43,44,24,69,45	0,1,1,3,3,0	15,12,25,30,23,18	5,2,4,9,9,5	235	149	0.0000475690409232	0.00414014687207437	1.0,0.965,0.965,0.835,0.936,1.0	0.655,0.792,0.798,0.679,0.618,0.695	0.244
5019	AT2G06025	NA	chr2	+	2351394	2351748	2351394	2351548	2351671	2351748	5019	63,99,92,55,96,81	1.60261182176301E+017	171,107,164,185,220,78	190,132,194,224,266,71	272	149	0.000891796581631	0.0473872541481399	0.177,0.172,0.217,0.146,0.149,0.155	0.33,0.308,0.317,0.311,0.312,0.376	-0.156
5118	AT3G08840	NA	chr3	-	2681948	2682856	2681948	2682193	2682386	2682856	5118	12,33,21,14,15,10	20,33,34,27,36,29	52,64,69,122,106,50	30,9,17,36,31,9	342	149	2.68571831441E-11	5.89456784832247E-09	0.207,0.303,0.212,0.184,0.154,0.131	0.43,0.756,0.639,0.596,0.598,0.708	-0.423
5185	AT4G34140	NA	chr4	+	16350461	16351542	16350461	16351030	16351294	16351542	5185	9,22,7,19,20,18	33,48,51,34,59,56	17,21,23,53,53,20	26,11,24,24,38,9	413	149	0.000470680920961	0.0286264733615799	0.09,0.142,0.047,0.168,0.109,0.104	0.191,0.408,0.257,0.443,0.335,0.445	-0.236
5216	AT3G12550	NA	chr3	+	3980737	3981395	3980737	3980944	3981141	3981395	5216	4,11,13,3,8,7	4,2,2,3,4,3	3,5,4,10,2,4	0,0,0,1,4,0	346	149	0.000554213289177	0.0325310312065755	0.301,0.703,0.737,0.301,0.463,0.501	1.0,1.0,1.0,0.812,0.177,1.0	-0.331
5235	AT3G13580	NA	chr3	+	4433152	4433988	4433152	4433342	4433806	4433988	5235	16,13,17,9,27,23	2,8,3,0,3,3	24,10,12,17,18,6	1,0,0,2,0,1	613	149	0.00034681079336	0.0227363751283283	0.66,0.283,0.579,1.0,0.686,0.651	0.854,1.0,1.0,0.674,1.0,0.593	-0.21
5257	AT3G14150	NA	chr3	-	4692539	4693133	4692539	4692688	4692926	4693133	5257	11,7,9,11,13,18	7,13,4,6,8,5	3,7,1,14,18,1	1,0,0,0,0,0	387	149	2.88036261509E-12	8.07781693387462E-10	0.377,0.172,0.464,0.414,0.385,0.581	0.536,1.0,1.0,1.0,1.0,1.0	-0.524
5276	AT3G16030	NA	chr3	+	5441658	5442173	5441658	5441869	5441935	5442173	5276	11,31,16,16,26,13	17,35,26,32,45,36	40,30,39,58,58,23	30,16,28,28,28,18	215	149	0.000384752137581	0.0245449071533024	0.31,0.38,0.299,0.257,0.286,0.2	0.48,0.565,0.491,0.589,0.589,0.47	-0.242
5283	AT2G17970	NA	chr2	-	7818817	7819583	7818817	7819425	7819511	7819583	5283	17,13,14,9,8,10	17,14,19,17,20,13	46,50,43,72,102,29	7,19,11,10,15,2	235	149	6.17705886441E-12	1.55908965737708E-09	0.388,0.371,0.318,0.251,0.202,0.328	0.806,0.625,0.713,0.82,0.812,0.902	-0.47
5382	AT3G22190	NA	chr3	-	7833428	7834135	7833428	7833556	7833784	7834135	5382	37,57,51,47,77,53	81,106,93,88,124,85	82,84,117,154,111,57	85,33,67,80,86,37	377	149	0.000219660435545	0.0149844037652859	0.153,0.175,0.178,0.174,0.197,0.198	0.276,0.502,0.408,0.432,0.338,0.378	-0.21
5451	AT3G26690	NA	chr3	-	9805327	9805781	9805327	9805408	9805472	9805781	5451	1.01155130128194E+017	72,97,70,86,116,108	127,88,136,297,280,105	45,33,36,61,75,20	213	149	0.0000887164638599	0.00668418969499665	0.495,0.528,0.565,0.51,0.539,0.498	0.664,0.651,0.725,0.773,0.723,0.786	-0.198
5498	AT3G20070	NA	chr3	-	7006577	7006941	7006577	7006635	7006733	7006941	5498	9,26,21,9,15,30	4,13,7,6,7,4	14,8,13,7,5,3	12,17,7,24,10,11	247	149	0.000755390504934	0.0414649840793848	0.576,0.547,0.644,0.475,0.564,0.819	0.413,0.221,0.528,0.15,0.232,0.141	0.323
5570	AT1G54030	NA	chr1	+	20168776	20169684	20168776	20169029	20169099	20169684	5570	15,20,29,18,21,27	1.94206265199266E+017	60,66,51,98,110,32	148,105,137,197,192,60	219	149	7.36442018479E-11	1.4870237237128E-08	0.05,0.062,0.069,0.058,0.051,0.067	0.216,0.3,0.202,0.253,0.28,0.266	-0.193
15	AT5G65060	NA	chr5	+	25989670	25989728	25987308	25987711	25989941	25990003	15	82,111,82,71,118,105	48,71,66,40,63,69	35,31,25,39,59,15	73,42,67,80,84,34	207	149	1.61641092511E-07	0.000658040887612281	0.552,0.529,0.472,0.561,0.574,0.523	0.257,0.347,0.212,0.26,0.336,0.241	0.26
