chr	A5SS	A3SS1	A3SS2	gene	strand	diff
1	35567	35471	35474	AT1G01060	-	-0.1867113126
1	737562	737420	737437	AT1G03080	-	0.1387542116
1	2111761	2111602	2111605	AT1G06890	-	0.1808845272
1	2508109	2507815	2507818	AT1G08060	-	0.2616218744
1	3822147	3821780	3821795	AT1G11360	-	-0.5564353382
1	6611398	6611311	6611314	AT1G19140	-	0.1306839712
1	6797410	6797268	6797311	AT1G19650	-	0.1860883609
1	10689994	10689901	10689907	AT1G30330	-	-0.1031394809
1	17853411	17853297	17853312	AT1G48310	-	0.4521630953
1	17881228	17881066	17881076	AT1G48390	-	-1
1	17890735	17890643	17890649	AT1G48410	-	0.07663368
1	18061243	18060963	18060978	AT1G48830	-	0.0505887095
1	18368344	18367819	18367826	AT1G49630	-	-0.3983167259
1	21265873	21265565	21265570	AT1G56720	-	-0.146628929
1	22693247	22692820	22692889	AT1G61500	-	0.5016725003
1	22977114	22977008	22977029	AT1G62180	-	-0.026768001
1	24205694	24205563	24205571	AT1G65150	-	0.2013980527
1	24656855	24656768	24656795	AT1G66200	-	-0.0276801432
1	25210504	25210307	25210310	AT1G67325	-	0.1082076941
1	25479446	25479375	25479378	AT1G67950	-	-0.137122631
1	27261849	27261745	27261756	AT1G72420	-	-0.1916036046
1	27347085	27346899	27346919	AT1G72640	-	-0.086553894
1	27347770	27347658	27347661	AT1G72640	-	0.1999449646
2	9139703	9139585	9139589	AT2G21370	-	-0.1636349783
2	9554505	9554414	9554417	AT2G22490	-	-0.1267621988
2	10329722	10329607	10329618	AT2G24270	-	-0.0658498921
2	11700081	11699994	11699997	AT2G27350	-	-0.1861717412
2	11849465	11849296	11849321	AT2G27790	-	-0.3028572056
2	14214898	14214805	14214808	AT2G33560	-	-0.1519879405
2	15663919	15663802	15663817	AT2G37300	-	-0.2932744642
2	17565909	17565777	17565780	AT2G42120	-	-0.2562232407
3	447288	447200	447203	AT3G02260	-	0.3168136811
3	948879	948736	948795	AT3G03770	-	0.1171060284
3	1462903	1462783	1462786	AT3G05165	-	-0.3470392965
3	1923235	1922714	1922717	AT3G06340	-	0.3902614199
3	2327536	2327406	2327424	AT3G07300	-	0.1789226213
3	3382019	3381918	3381921	AT3G10810	-	-0.1219752493
3	11269175	11268826	11268829	AT3G29360	-	0.1242132873
3	17748235	17748019	17748022	AT3G48060	-	-0.3304434528
3	19349394	19349132	19349146	AT3G52170	-	-0.1570240591
3	21828386	21828302	21828308	AT3G59060	-	-0.0412739514
3	21830182	21829902	21829913	AT3G59060	-	-0.0782921575
3	23040224	23039842	23039845	AT3G62260	-	-0.2120343211
3	23236488	23236111	23236114	AT3G62840	-	-0.1410276404
3	23264639	23264238	23264254	AT3G62940	-	0.1814441792
4	1377508	1377407	1377410	AT4G03110	-	-0.1147370337
4	8870852	8870730	8870754	AT4G15530	-	-0.1352438354
4	8870852	8870734	8870754	AT4G15530	-	-0.1929400616
4	10455115	10455008	10455020	AT4G19110	-	-0.1010427995
4	10455115	10455011	10455020	AT4G19110	-	-0.0705600537
4	11793605	11793275	11793278	AT4G22320	-	-0.297701779
4	12889470	12889390	12889393	AT4G25110	-	0.6510775624
4	13312648	13312266	13312270	AT4G26300	-	-0.1746351849
4	18146361	18146260	18146263	AT4G38910	-	-0.1881344413
4	18219336	18218733	18218753	AT4G39100	-	-0.1266086026
5	2555428	2554701	2554771	AT5G07980_and_AT5G01465	-	0.2160567521
5	4500606	4500427	4500431	AT5G13950	-	0.228085541
5	5326621	5326521	5326524	AT5G16280	-	-0.2090374839
5	6645318	6645037	6645047	AT5G19660	-	0.2573200091
5	7096623	7096492	7096495	AT5G20920	-	-0.081195508
5	7111196	7110797	7110819	AT5G20950	-	-0.1824578125
5	7147018	7146760	7146784	AT5G21040	-	-0.2025968286
5	7147018	7146760	7146789	AT5G21040	-	-0.2113203606
5	7298995	7298381	7298386	AT5G22040	-	0.1592218223
5	7389453	7389331	7389379	AT5G22320	-	0.1047827655
5	8371707	8371000	8371006	AT5G24520	-	-0.1390653917
5	10864726	10864025	10864044	AT5G28840	-	-0.0495176527
5	14237809	14237721	14237724	AT5G36170	-	-0.1094697505
5	17355097	17354780	17354785	AT5G43240	-	-0.8342083841
5	19599789	19599690	19599693	AT5G48370	-	-0.1902548427
5	19817773	19817029	19817121	AT5G48880	-	0.1157893809
5	20770911	20770625	20770686	AT5G51080	-	0.2857307462
5	20881525	20881386	20881393	AT5G51410	-	0.38715986
5	21729033	21728633	21728645	AT5G53500	-	-0.1129264092
5	22522192	22522081	22522121	AT5G55600	-	0.3226112797
5	22987499	22987420	22987424	AT5G56850	-	-0.1597463011
5	23582115	23582020	23582023	AT5G58330	-	-0.1023346944
5	24559363	24559241	24559247	AT5G61020	-	0.1515165354
5	24684045	24683852	24683858	AT5G61410	-	0.1087518456
5	24805905	24805806	24805836	AT5G61730	-	-1
5	25022356	25022246	25022249	AT5G62300	-	-0.0423693027
5	26148687	26148560	26148566	AT5G65430	-	0.0910924796
1	518378	519033	519036	AT1G02500	+	0.0270994602
1	585685	585776	585779	AT1G02690	+	0.3200596612
1	1127256	1127434	1127437	AT1G04230	+	-0.2024766535
1	1907169	1907281	1907430	AT1G06230	+	-0.5846943479
1	3487974	3488329	3488332	AT1G10570	+	0.2660742377
1	4749747	4749835	4749838	AT1G13880	+	-0.2564870458
1	4761711	4762548	4762629	AT1G13930	+	-0.0450196259
1	4788654	4789461	4789492	AT1G13980	+	-0.1348029116
1	5253387	5253546	5253549	AT1G15280	+	-0.1921149217
1	5854461	5854865	5854886	AT1G17130	+	-0.0645296077
1	6421303	6421382	6421398	AT1G18660	+	-0.1110715932
1	6460808	6460896	6460899	AT1G18730	+	-0.0901391947
1	6550669	6550763	6550769	AT1G18950	+	0.2173972157
1	6688738	6688826	6688834	AT1G19350	+	-0.1694552084
1	9532201	9532353	9532401	AT1G27450	+	-0.0950336656
1	10134777	10135051	10135058	AT1G29040_and_AT1G29041	+	-0.3150104097
1	10448745	10448846	10448849	AT1G29850	+	-0.1371837377
1	11252680	11252756	11252759	AT1G31420	+	0.1534970119
1	12145610	12145684	12145687	AT1G33470	+	0.1472102501
1	17307577	17307672	17307675	AT1G47230	+	-0.1916863848
1	18040931	18041333	18041346	AT1G48770_and_AT1G48780	+	0.898934733
1	18841644	18841948	18841951	AT1G50840	+	0.1025663099
1	19687201	19687277	19687281	AT1G52870	+	-0.0342208542
1	20652822	20652902	20652932	AT1G55340	+	0.1103597241
1	21764158	21764770	21765051	AT1G58602_and_AT1G58561	+	-0.1312891221
1	21982995	21983072	21983081	AT1G59750	+	0.1555352994
1	23252943	23253384	23253387	AT1G62790	+	0.1465491945
1	23405445	23405638	23405658	AT1G63110	+	-0.1895175289
1	23863216	23863287	23863291	AT1G64300	+	0.5204485992
1	26126477	26126772	26126777	AT1G69510	+	0.0434289211
1	29759922	29759999	29760008	AT1G79110	+	-0.0791778152
2	690380	690463	690469	AT2G02560	+	0.129881176
2	5906638	5906998	5907004	AT2G14045	+	0.1296882747
2	6798141	6798522	6798527	AT2G15580	+	0.0851428384
2	7606870	7606944	7606963	AT2G17500	+	0.234584255
2	7946410	7946689	7946721	AT2G18280	+	-0.0580186396
2	8511560	8511739	8511743	AT2G19730	+	-0.0569325909
2	8964879	8964978	8965022	AT2G20820	+	0.051307701
2	9149797	9149885	9150092	AT2G21385_and_AT2G21390	+	-0.1217492304
2	10844270	10844348	10844351	AT2G25480	+	0.1239746403
2	11696799	11696937	11697449	AT2G27340	+	-0.3324820329
2	13867128	13867212	13867215	AT2G32700	+	-0.0950672278
2	13869938	13870117	13870123	AT2G32700	+	0.1346315912
2	14181789	14181879	14181885	AT2G33480	+	0.1288378043
2	14822889	14822972	14822985	AT2G35160	+	-0.6023744812
2	15738899	15739250	15739253	AT2G37480	+	-0.1276520154
2	15920771	15920848	15920856	AT2G38040	+	-0.1186994895
2	17474811	17475036	17475049	AT2G41880	+	0.3294907771
2	18839698	18839852	18839855	AT2G45740	+	0.11646341
2	19537529	19537860	19537863	AT2G47640	+	-0.1995876593
3	405258	405359	405364	AT3G02180	+	0.0321537392
3	681291	681569	681649	AT3G03020	+	0.1054013961
3	1259461	1259567	1259570	AT3G04630	+	-0.1942741791
3	1563298	1563412	1563415	AT3G05420	+	-0.1615565942
3	2414825	2415061	2415064	AT3G07565	+	0.2481869686
3	2479064	2479544	2479549	AT3G07770	+	0.1397288604
3	2947983	2948156	2948178	AT3G09600	+	-0.2442802977
3	3776659	3776910	3776916	AT3G11930	+	0.1333430326
3	3776659	3776913	3776916	AT3G11930	+	0.1099562235
3	4636611	4637143	4637147	AT3G14010	+	-0.145812801
3	6867748	6867839	6867843	AT3G19770	+	-0.1810823182
3	7645179	7645260	7645263	AT3G21700	+	-0.2819461008
3	7968218	7969067	7969070	AT3G22480	+	-0.0685719947
3	10070372	10070619	10070646	AT3G27260	+	-0.1459636689
3	16163884	16163976	16163979	AT3G44590	+	-0.0880444563
3	16196078	16196264	16196267	AT3G44630	+	0.1271197224
3	19608116	19609031	19609050	AT3G52890	+	-0.2008808452
3	20961690	20962362	20962483	AT3G56580	+	0.1612078298
3	21493175	21493245	21493248	AT3G58050	+	-0.1983321575
3	22454486	22454638	22454641	AT3G60750	+	-0.0297366734
3	22967594	22967795	22967804	AT3G62010	+	-0.2052389562
4	455057	455151	455157	AT4G01040_and_AT4G01050	+	0.1742208761
4	552656	552731	552734	AT4G01330	+	-0.1620822683
4	1292905	1293227	1293230	AT4G02920	+	-0.0680786037
4	2718254	2718559	2718565	AT4G05320	+	-0.0413464457
4	5254526	5254613	5254616	AT4G08320	+	0.1861110229
4	5317096	5317176	5317179	AT4G08390	+	-0.0804618853
4	5830966	5831044	5831047	AT4G09150	+	-0.1658737807
4	8419887	8420110	8420164	AT4G14695	+	-0.3689444802
4	10032335	10032595	10032598	AT4G18070	+	-0.1712407559
4	12007355	12007782	12007788	AT4G22890	+	0.0972551563
4	12300174	12300750	12300753	AT4G23570	+	-0.1024086091
4	12873626	12873705	12873711	AT4G25070	+	-0.7148250122
4	13125038	13125179	13125186	AT4G25800	+	-0.4542373473
4	15722608	15722725	15722741	AT4G32590	+	0.2252567597
4	15736596	15736696	15736699	AT4G32620	+	-0.1703610499
4	15802970	15803159	15803162	AT4G32760	+	-0.07355538
4	16164871	16164960	16164963	AT4G33650	+	0.1471153398
4	16333483	16333643	16333646	AT4G34100	+	-0.1122096463
4	16884241	16884321	16884324	AT4G35560	+	-0.3568080697
4	17885351	17885660	17885753	AT4G38092	+	-0.422973457
5	402477	402556	402566	AT5G02040	+	-0.1587844732
5	2724018	2724389	2724392	AT5G08440	+	0.2742444422
5	2915607	2915734	2915740	AT5G09390	+	-0.1095225292
5	4535724	4536067	4536073	AT5G14060	+	-0.0675067449
5	5238585	5238680	5238683	AT5G16030	+	-0.0849038176
5	5238997	5239085	5239109	AT5G16030	+	-0.027461079
5	5272653	5272895	5272899	AT5G16150	+	-0.112374177
5	15422380	15422477	15422513	AT5G38520	+	-0.0776264259
5	18354112	18354286	18354292	AT5G45300	+	0.1411332484
5	18833301	18833415	18833419	AT5G46430_and_AT5G06825	+	0.0240783272
5	19663794	19663927	19663930	AT5G48520	+	-0.2127980463
5	23437729	23437920	23437925	AT5G57860	+	-0.253194622
5	24229555	24229700	24229706	AT5G60170	+	0.2179275464
5	24348026	24348368	24348380	AT5G60570	+	-0.1465696533
5	24763557	24763660	24763663	AT5G61580	+	-0.1206749736
5	24914720	24914814	24914817	AT5G62000	+	0.1295023429
1	2111761	2111602	2111605	AT1G06890	-	0.1218654009
1	3615037	3614826	3614830	AT1G10865	-	0.0640190984
1	6797410	6797268	6797311	AT1G19650	-	0.2074016883
1	10808573	10808400	10808403	AT1G30510	-	0.0854032968
1	19250605	19250199	19250211	AT1G51840	-	0.2094954943
1	21265873	21265565	21265570	AT1G56720	-	-0.0990245143
1	21460034	21459428	21459431	AT1G58025	-	0.2109333296
1	25911043	25910492	25910538	AT1G68910	-	-0.1361061311
1	27347085	27346899	27346919	AT1G72640	-	-0.1446008392
1	27347770	27347658	27347661	AT1G72640	-	0.1778187476
1	27634522	27634289	27634292	AT1G73490	-	-0.0806522351
1	29001964	29001664	29001840	AT1G77170_and_AT1G77180	-	-0.0310898715
1	30266900	30266508	30266540	AT1G80490	-	-0.0974101031
2	759249	759154	759160	AT2G02710	-	0.0726718587
2	864248	863995	864020	AT2G02960	-	0.2121461759
2	864248	864020	864087	AT2G02960	-	-0.235009163
2	7823805	7823339	7823374	AT2G07015_and_AT2G17975	-	-0.1042702686
2	8652202	8652112	8652121	AT2G20050	-	0.0666436954
2	9102961	9102501	9102591	AT2G21240_and_AT2G21250	-	0.0421081692
2	9139703	9139585	9139589	AT2G21370	-	-0.166417354
2	9554505	9554414	9554417	AT2G22490	-	-0.1242837415
2	10204388	10204031	10204040	AT2G23980_and_AT2G23987	-	0.1125829618
2	10329722	10329607	10329618	AT2G24270	-	0.0593966382
2	11049715	11049622	11049625	AT2G25910	-	0.0751202925
2	11432568	11432202	11432313	AT2G26800	-	0.0780731881
2	11700081	11699994	11699997	AT2G27350	-	-0.2257581469
2	13848609	13848443	13848507	AT2G32640	-	0.1524385583
2	14310196	14310083	14310089	AT2G33830	-	0.0316960861
2	16611589	16611398	16611401	AT2G39805	-	0.1567682656
2	18817387	18817206	18817220	AT2G45670	-	0.0523931315
3	213311	213209	213212	AT3G01540	-	-0.0577013581
3	447288	447200	447203	AT3G02260	-	-0.1021415553
3	1212834	1212566	1212735	AT3G04500	-	0.0943351367
3	1825591	1825089	1825166	AT3G06040	-	-0.0645943701
3	2114836	2114726	2114748	AT3G06680	-	-0.0839208204
3	2327536	2327406	2327424	AT3G07300	-	0.1104452746
3	2519000	2518904	2518907	AT3G07890	-	0.0982381708
3	3770261	3769988	3769991	AT3G11910	-	-0.0685440957
3	4738712	4738451	4738454	AT3G14230	-	0.0694883045
3	7610438	7610197	7610205	AT3G21610	-	0.088639862
3	7825780	7825421	7825455	AT3G22170	-	0.0850621039
3	8607982	8607687	8607699	AT3G23830	-	0.1003033578
3	8706624	8706335	8706344	AT3G24120	-	-0.0724095302
3	9909318	9909083	9909086	AT3G26890_and_AT3G26900	-	0.0842647748
3	9957644	9957540	9957559	AT3G27010	-	0.2226096975
3	10086606	10086310	10086332	AT3G27300	-	0.1302113417
3	17748235	17748019	17748022	AT3G48060	-	-0.2305478769
3	19349394	19349132	19349146	AT3G52170	-	-0.322028711
3	19836401	19835912	19836130	AT3G53500	-	-0.0773014592
3	19864363	19864114	19864153	AT3G53560_and_AT3G53570	-	-0.1187346132
3	20344734	20344636	20344641	AT3G54910	-	0.2821525071
3	20837065	20836851	20836874	AT3G56150	-	-0.0577805687
3	21828386	21828302	21828308	AT3G59060	-	-0.0778861537
3	21830182	21829902	21829913	AT3G59060	-	-0.0729194341
3	23236488	23236111	23236114	AT3G62840	-	-0.1385058751
3	23264639	23264238	23264254	AT3G62940	-	0.2078690201
4	264396	264186	264219	AT4G00620_and_AT4G00630	-	-0.1144945617
4	812653	812550	812563	AT4G01880	-	0.1157122734
4	1377508	1377407	1377410	AT4G03110	-	-0.1176856716
4	9264389	9264296	9264299	AT4G16420	-	0.1001412331
4	10455115	10455011	10455020	AT4G19110	-	-0.0577992766
4	11508827	11508386	11508668	AT4G21660	-	-0.0688200358
4	11793605	11793275	11793278	AT4G22320	-	-0.2335054334
4	12567238	12567132	12567144	AT4G24230	-	0.2277452876
4	13312648	13312266	13312270	AT4G26300	-	-0.1637112976
4	13522495	13522401	13522404	AT4G26910	-	-0.0613525711
4	18219336	18218733	18218753	AT4G39100	-	-0.1343209969
5	1726699	1726595	1726604	AT5G05740	-	0.0761575103
5	2607499	2607384	2607387	AT5G08130	-	-0.1474264417
5	4164697	4164591	4164603	AT5G13120	-	0.0449812036
5	4656498	4656173	4656176	AT5G14440	-	0.0585977277
5	5326621	5326521	5326524	AT5G16280	-	-0.2161332299
5	7111196	7110797	7110819	AT5G20950	-	-0.196676555
5	9285695	9285615	9285618	AT5G26742	-	-0.0464446351
5	9784162	9783986	9784064	AT5G27640	-	-0.0857886339
5	10864726	10864025	10864044	AT5G28840	-	-0.0449345768
5	14237809	14237721	14237724	AT5G36170	-	-0.1075934339
5	17198693	17198606	17198609	AT5G42900	-	0.1270271838
5	22762009	22761911	22761914	AT5G56240	-	-0.1236738954
5	23117465	23116898	23116914	AT5G57110	-	0.1041149124
5	23236539	23236388	23236394	AT5G57350	-	0.0844849795
5	23582115	23582020	23582023	AT5G58330	-	-0.0931640403
5	24559363	24559241	24559247	AT5G61020	-	0.1224156576
5	24684045	24683852	24683858	AT5G61410	-	0.0752445229
5	25422137	25421972	25421975	AT5G63490	-	-0.0917427431
5	26148687	26148560	26148566	AT5G65430	-	0.0563445558
1	374922	375122	375125	AT1G02080	+	-0.0965401517
1	518378	519033	519036	AT1G02500	+	0.0467143102
1	628469	628935	629288	AT1G02840	+	-0.101907883
1	631858	631928	632009	AT1G02850	+	0.1146147507
1	1733616	1733762	1733778	AT1G05790	+	-0.1211632785
1	3487974	3488329	3488332	AT1G10570	+	0.1517793517
1	4749747	4749835	4749838	AT1G13880	+	-0.2581393271
1	4788654	4789461	4789492	AT1G13980	+	-0.14296835
1	5253387	5253546	5253549	AT1G15280	+	-0.2117187769
1	5854461	5854865	5854886	AT1G17130	+	-0.1153353061
1	6460808	6460896	6460899	AT1G18730	+	-0.1103356751
1	6550669	6550763	6550769	AT1G18950	+	0.2691677022
1	10134777	10135051	10135058	AT1G29040_and_AT1G29041	+	-0.3709764101
1	10448745	10448846	10448849	AT1G29850	+	-0.1440204224
1	11252680	11252756	11252759	AT1G31420	+	0.1352433881
1	12145610	12145684	12145687	AT1G33470	+	0.1358857658
1	16911132	16911210	16911213	AT1G44780	+	0.2498180949
1	18841644	18841948	18841951	AT1G50840	+	0.1677643822
1	18949663	18950007	18950014	AT1G51160	+	-0.0685551798
1	20652822	20652902	20652932	AT1G55340	+	0.0829440116
1	21884207	21884510	21884517	AT1G59580	+	-0.0563987518
1	21982995	21983072	21983081	AT1G59750	+	0.0904268815
1	23252943	23253384	23253387	AT1G62790	+	0.0583471145
1	23741401	23741492	23741498	AT1G63980	+	0.0489381331
1	25235544	25235813	25235820	AT1G67350	+	-0.0438545538
1	26126477	26126772	26126777	AT1G69510	+	0.052115473
1	26855998	26856087	26856090	AT1G71240	+	-0.1121921369
2	81800	82186	82220	AT2G01090_and_AT2G01100	+	-0.0676939098
2	629353	629518	629539	AT2G02390	+	0.0828675277
2	690380	690463	690469	AT2G02560	+	0.1584381794
2	1647479	1647553	1647570	AT2G04700	+	0.0598661263
2	2322382	2322847	2322850	AT2G05990	+	-0.043552966
2	6798141	6798522	6798527	AT2G15580	+	0.1259578571
2	7606870	7606944	7606963	AT2G17500	+	0.171198362
2	8511560	8511739	8511743	AT2G19730	+	-0.0454921719
2	9149797	9149885	9150092	AT2G21385_and_AT2G21390	+	-0.5034710435
2	9215989	9216208	9216220	AT2G21520	+	-0.0599169118
2	9918767	9918872	9918875	AT2G23310	+	0.0665267465
2	10844270	10844348	10844351	AT2G25480	+	0.1287038732
2	13635347	13635436	13635456	AT2G32040	+	-0.1257073833
2	13866926	13867037	13867040	AT2G32700	+	0.1263993854
2	13869938	13870117	13870123	AT2G32700	+	0.1289082523
2	14181789	14181879	14181885	AT2G33480	+	0.0934778733
2	14578832	14579334	14579337	AT2G34630	+	-0.0793713146
2	15738899	15739250	15739253	AT2G37480	+	-0.1515770126
2	15920771	15920848	15920856	AT2G38040	+	-0.1233343616
2	16772253	16772529	16772533	AT2G40140	+	0.0576156026
2	17590271	17590622	17590626	AT2G42210	+	0.0452461706
2	17590271	17590622	17590631	AT2G42210	+	0.0544086623
2	17960782	17960923	17960942	AT2G43190_and_AT2G43200_and_AT2G43210	+	-0.1270413704
2	18109376	18109480	18109483	AT2G43680	+	-0.1188826836
2	18839698	18839852	18839855	AT2G45740	+	0.1192158484
2	19537529	19537860	19537863	AT2G47640	+	-0.2104619445
3	1259461	1259567	1259570	AT3G04630	+	-0.2064178175
3	1563298	1563412	1563415	AT3G05420	+	-0.1546959933
3	1740161	1740700	1740729	AT3G05840	+	0.0516649503
3	2414825	2415061	2415064	AT3G07565	+	0.1695474532
3	2437550	2437626	2437636	AT3G07630	+	-0.0907536397
3	2479064	2479544	2479549	AT3G07770	+	-0.1165777685
3	3776659	3776910	3776916	AT3G11930	+	0.1317140641
3	3776659	3776913	3776916	AT3G11930	+	0.1090843944
3	4144024	4144678	4144689	AT3G12977	+	-0.2454686639
3	4367425	4367722	4367725	AT3G13430	+	-0.1847763593
3	4636611	4637143	4637147	AT3G14010	+	-0.2312020843
3	5340247	5340483	5340486	AT3G15770	+	-0.1042375934
3	6689458	6689707	6689710	AT3G19290	+	-0.0617506521
3	6876266	6876387	6876396	AT3G19800	+	0.0686072699
3	10070372	10070619	10070646	AT3G27260	+	-0.2865197714
3	11649840	11649907	11649929	AT3G29770	+	-0.1246205545
3	12349478	12349565	12349568	AT3G30720	+	-0.3023675959
3	16163884	16163976	16163979	AT3G44590	+	-0.085262389
3	18331712	18332248	18332642	AT3G49430	+	0.1285052661
3	21308846	21308931	21308934	AT3G57550	+	-0.08358857
3	21493175	21493245	21493248	AT3G58050	+	-0.125619876
3	21715316	21715403	21715406	AT3G58710	+	0.1849154303
3	22495171	22495449	22495452	AT3G60880	+	0.0911113508
4	455057	455151	455157	AT4G01040_and_AT4G01050	+	0.078622484
4	552656	552731	552734	AT4G01330	+	-0.1464553735
4	1292905	1293227	1293230	AT4G02920	+	-0.0784579268
4	5254526	5254613	5254616	AT4G08320	+	0.1321439134
4	5830966	5831044	5831047	AT4G09150	+	-0.1136187229
4	7148338	7148430	7148439	AT4G11890	+	-0.2362229555
4	11278538	11278631	11278644	AT4G21150	+	-0.0891985005
4	12007355	12007782	12007788	AT4G22890	+	0.130372504
4	12697112	12697202	12697217	AT4G24590	+	-0.1164306838
4	12782155	12782238	12782449	AT4G24800	+	-0.1438620767
4	12878145	12878339	12878385	AT4G25080	+	0.0480366398
4	12878145	12878382	12878385	AT4G25080	+	0.0555927325
4	13940602	13940850	13940859	AT4G28040	+	-0.143467437
4	13940716	13940850	13940859	AT4G28040	+	0.0737001941
4	15742239	15742608	15742615	AT4G32640	+	0.0953115393
4	15802970	15803159	15803162	AT4G32760	+	-0.1184130978
4	16164871	16164960	16164963	AT4G33650	+	0.1878172837
4	16333483	16333643	16333646	AT4G34100	+	-0.0930274024
4	18498631	18499886	18499889	AT4G39860	+	0.2840221157
5	402477	402556	402566	AT5G02040	+	-0.1561147475
5	650920	651162	651184	AT5G02840	+	-0.0461196477
5	2724018	2724389	2724392	AT5G08440	+	0.1838796518
5	4294755	4294837	4294846	AT5G13390	+	0.0937452418
5	4398028	4398235	4398238	AT5G13650	+	0.0385246485
5	4535724	4536067	4536073	AT5G14060	+	-0.0894429926
5	5238585	5238680	5238683	AT5G16030	+	-0.1299591831
5	5272653	5272895	5272899	AT5G16150	+	-0.0984764828
5	6155673	6155815	6155821	AT5G18540	+	0.1563093288
5	6461898	6461992	6461996	AT5G19210	+	0.2582021385
5	18833301	18833415	18833419	AT5G46430_and_AT5G06825	+	-0.0443170808
5	19663794	19663927	19663930	AT5G48520	+	-0.1796938234
5	21709630	21709699	21709710	AT5G53460_and_AT5G53470	+	-0.1558478782
5	23437729	23437920	23437925	AT5G57860	+	-0.2851888239
5	23971569	23971809	23971816	AT5G59440	+	-0.1108207169
5	24229555	24229700	24229706	AT5G60170	+	0.2133368552
5	24348026	24348170	24348368	AT5G60570	+	0.1549018753
5	24348026	24348368	24348380	AT5G60570	+	-0.1691196072
5	24356143	24356205	24356226	AT5G60580	+	-0.1186487115
5	24759026	24759636	24759645	AT5G61570	+	-0.2087263647
5	24914720	24914814	24914817	AT5G62000	+	0.1186436611
1	3200183	3200099	3200103	AT1G09840	-	0.4073663181
1	5763091	5762958	5762965	AT1G16840	-	0.0942545206
1	8946600	8946317	8946322	AT1G25470	-	-0.6084951264
1	10294381	10293719	10293722	AT1G29400	-	0.1781635445
1	12117981	12117813	12117825	AT1G33410	-	0.1723816616
1	16908943	16908863	16908866	AT1G44770	-	0.0895242925
1	18336665	18336569	18336575	AT1G49540	-	-0.2724832913
1	19250605	19250199	19250211	AT1G51840	-	0.4095572322
1	20869945	20869648	20869680	AT1G55830	-	-0.2827336482
1	20869945	20869648	20869703	AT1G55830	-	-0.3821703919
1	21079415	21079162	21079302	AT1G56300	-	0.0706296305
1	21416374	21416135	21416144	AT1G57820	-	0.1312192324
1	22977114	22977008	22977029	AT1G62180	-	-0.1014060829
1	24701978	24701881	24701887	AT1G66270	-	0.0866821345
1	25479446	25479375	25479378	AT1G67950	-	-0.1300993682
1	27347085	27346899	27346919	AT1G72640	-	-0.0734202423
1	27347770	27347658	27347661	AT1G72640	-	0.2377289225
1	30265249	30265106	30265109	AT1G80490	-	-0.1050474361
1	30266900	30266508	30266540	AT1G80490	-	0.1414634171
2	864248	863995	864020	AT2G02960	-	0.3232561974
2	864248	864020	864087	AT2G02960	-	-0.2848364461
2	8598525	8598397	8598424	AT2G19910	-	0.6201523455
2	9460853	9460285	9460338	AT2G22250	-	-0.4446109218
2	9554505	9554414	9554417	AT2G22490	-	-0.1342192724
2	10329722	10329607	10329618	AT2G24270	-	0.1083168752
2	11049715	11049622	11049625	AT2G25910	-	0.0968540845
2	13994312	13994221	13994226	AT2G32970	-	-0.1795865318
2	15583686	15583109	15583115	AT2G37080	-	0.1353915949
2	19659542	19659388	19659457	AT2G48060	-	-0.3558666629
3	260629	260537	260546	AT3G01710	-	-0.2741275802
3	2117905	2117800	2117802	AT3G06700	-	-0.0553863949
3	2519000	2518904	2518907	AT3G07890	-	0.1745201862
3	2627261	2626903	2626977	AT3G08650	-	-0.0769187179
3	4388193	4387902	4387908	AT3G13460	-	0.1434956866
3	4388193	4387902	4387911	AT3G13460	-	0.0887520286
3	4388193	4387908	4387911	AT3G13460	-	-0.0807992958
3	4738712	4738451	4738454	AT3G14230	-	0.1144319634
3	4999321	4999229	4999232	AT3G14860	-	-0.144959696
3	8058685	8058030	8058038	AT3G22790	-	0.4417496067
3	8706624	8706335	8706344	AT3G24120	-	-0.148175811
3	9957644	9957540	9957559	AT3G27010	-	0.25
3	20110566	20110144	20110180	AT3G54300	-	-0.1618781772
3	20156890	20156617	20156656	AT3G54430_and_AT3G54440	-	-0.1932896884
3	20284935	20284328	20284375	AT3G54790	-	0.2109867016
3	20837065	20836851	20836874	AT3G56150	-	0.0912909945
3	23236488	23236111	23236114	AT3G62840	-	-0.1165708218
3	23264639	23264238	23264254	AT3G62940	-	0.2121183985
4	8195003	8194804	8194817	AT4G14210	-	-0.0750331858
4	11024549	11024417	11024462	AT4G20450	-	-1
4	11793605	11793275	11793278	AT4G22320	-	-0.1744162659
4	12567238	12567132	12567144	AT4G24230	-	0.5868692666
4	15991446	15991069	15991093	AT4G33150	-	-0.3499696996
4	17604888	17604778	17604797	AT4G37445	-	0.1884436197
4	18219336	18218733	18218753	AT4G39100	-	-0.1332703849
5	2555428	2554701	2554771	AT5G07980_and_AT5G01465	-	0.4918612096
5	4656498	4656173	4656176	AT5G14440	-	0.0799482073
5	5326621	5326521	5326524	AT5G16280	-	-0.3103349398
5	7111196	7110797	7110819	AT5G20950	-	-0.1147198088
5	8971673	8971429	8971438	AT5G25770	-	-0.6205271849
5	9674009	9673839	9673890	AT5G27395	-	-0.1001556526
5	10864726	10864025	10864044	AT5G28840	-	0.0426759563
5	17198693	17198606	17198609	AT5G42900	-	0.1139115784
5	21324348	21324222	21324233	AT5G52545	-	-0.2033113417
5	23117465	23116898	23116914	AT5G57110	-	0.0990359803
5	23582115	23582020	23582023	AT5G58330	-	-0.0826246494
5	24559363	24559241	24559247	AT5G61020	-	0.0905761025
5	24684045	24683852	24683858	AT5G61410	-	0.1024879293
5	26148687	26148560	26148566	AT5G65430	-	0.1123425932
5	26946016	26945699	26945782	AT5G67540	-	0.2032648842
1	374922	375122	375125	AT1G02080	+	-0.3504792465
1	518378	519033	519036	AT1G02500	+	0.0601761621
1	1127256	1127434	1127437	AT1G04230	+	-0.1772871884
1	3487974	3488329	3488332	AT1G10570	+	0.2031004593
1	4749747	4749835	4749838	AT1G13880	+	-0.2841929189
1	5253387	5253546	5253549	AT1G15280	+	-0.2298942641
1	5854461	5854865	5854886	AT1G17130	+	-0.0733617316
1	6257593	6257695	6257701	AT1G18180	+	0.2127865925
1	10134777	10135051	10135058	AT1G29040_and_AT1G29041	+	-0.2727669858
1	10448745	10448846	10448849	AT1G29850	+	-0.1325236708
1	11252680	11252756	11252759	AT1G31420	+	0.1705310797
1	12145610	12145684	12145687	AT1G33470	+	0.1303497318
1	20652822	20652902	20652932	AT1G55340	+	0.1403361751
1	23863216	23863287	23863291	AT1G64300	+	0.5647696931
1	25235544	25235813	25235820	AT1G67350	+	-0.043109351
1	26126477	26126772	26126777	AT1G69510	+	0.065219359
1	26849553	26849651	26849654	AT1G71220	+	0.15318136
1	27791234	27791596	27791601	AT1G73920	+	0.1026275436
1	29759922	29759999	29760008	AT1G79110	+	-0.2078417272
1	30181077	30181227	30181232	AT1G80270	+	0.4001734077
2	629353	629518	629539	AT2G02390	+	0.1042322447
2	690380	690463	690469	AT2G02560	+	0.1848669014
2	7606870	7606944	7606963	AT2G17500	+	0.3392106677
2	8800809	8801118	8801121	AT2G20400	+	-0.2084268962
2	9918767	9918872	9918875	AT2G23310	+	0.1486628424
2	11413826	11413922	11413964	AT2G26780	+	-0.1860869587
2	13194304	13194819	13194824	AT2G31010	+	-0.3528524899
2	13866926	13867037	13867040	AT2G32700	+	0.1129258961
2	13867128	13867212	13867215	AT2G32700	+	-0.118941397
2	13869938	13870117	13870123	AT2G32700	+	0.1308144958
2	14181789	14181879	14181885	AT2G33480	+	0.1357355239
2	14560307	14560666	14560693	AT2G34560	+	0.0834713484
2	15052453	15052667	15052682	AT2G35820_and_AT2G35830	+	0.0830334018
2	15576164	15576312	15576336	AT2G37060	+	0.2167717341
2	15576164	15576316	15576336	AT2G37060	+	0.428885109
2	15738899	15739250	15739253	AT2G37480	+	-0.1270842436
2	15920771	15920848	15920856	AT2G38040	+	-0.0782901662
2	18839698	18839852	18839855	AT2G45740	+	0.0807127782
2	19537529	19537860	19537863	AT2G47640	+	-0.1791041044
3	453510	453589	453609	AT3G02280	+	-0.3843973302
3	1259461	1259567	1259570	AT3G04630	+	-0.1350814567
3	1342720	1342812	1342832	AT3G04870	+	-0.085723385
3	1563298	1563412	1563415	AT3G05420	+	-0.1449407938
3	2414825	2415061	2415064	AT3G07565	+	0.2633981937
3	2803886	2804070	2804076	AT3G09150	+	0.1190123948
3	3776659	3776910	3776916	AT3G11930	+	0.0927791925
3	3776659	3776913	3776916	AT3G11930	+	0.0670308531
3	3895361	3895451	3895456	AT3G12210	+	-0.1157425555
3	4544501	4544925	4544971	AT3G13810	+	0.4504758253
3	4636611	4637143	4637147	AT3G14010	+	-0.1218199998
3	5340247	5340483	5340486	AT3G15770	+	-0.1407494937
3	5588486	5588570	5588593	AT3G16450	+	-0.1867902082
3	5876584	5876729	5876771	AT3G17205	+	0.1471413286
3	6749662	6749763	6749766	AT3G19470	+	0.4390093519
3	8474895	8474990	8474999	AT3G23590_and_AT3G23600	+	-0.0535069068
3	11649840	11649907	11649929	AT3G29770	+	0.3408579524
3	16163884	16163976	16163979	AT3G44590	+	-0.0675452099
3	17618989	17619273	17619324	AT3G47770	+	1
3	18262560	18262716	18262725	AT3G49260	+	0.146187408
3	21493175	21493245	21493248	AT3G58050	+	-0.2202499655
3	22096596	22096770	22096816	AT3G59810	+	-0.116376124
3	22663044	22663117	22663138	AT3G61220	+	0.1356580271
4	552656	552731	552734	AT4G01330	+	-0.1910171218
4	5254526	5254613	5254616	AT4G08320	+	0.2154330431
4	10032335	10032595	10032598	AT4G18070	+	-0.2051868156
4	11278538	11278631	11278644	AT4G21150	+	-0.173663129
4	11460345	11460640	11460643	AT4G21540	+	-0.2015330471
4	13282028	13282354	13282359	AT4G26210	+	-0.1387627703
4	15802970	15803159	15803162	AT4G32760	+	-0.1452597818
4	16164871	16164960	16164963	AT4G33650	+	0.141885612
4	16884241	16884321	16884324	AT4G35560	+	-0.3006882632
4	17916687	17916902	17916912	AT4G38200	+	-0.2042251946
5	402477	402556	402566	AT5G02040	+	-0.2090901109
5	1018440	1018641	1018655	AT5G03830	+	1
5	2724018	2724389	2724392	AT5G08440	+	0.2853449743
5	2871429	2871609	2871648	AT5G09230	+	0.2649636365
5	3069083	3069216	3069219	AT5G09860	+	-0.23082183
5	3632653	3632733	3632738	AT5G11380	+	-0.4011136258
5	3947558	3947671	3947674	AT5G12210	+	-0.0763593777
5	5238585	5238680	5238683	AT5G16030	+	-0.1066935918
5	5238997	5239085	5239109	AT5G16030	+	-0.0978506476
5	5272653	5272895	5272899	AT5G16150	+	-0.1474056702
5	5730908	5731024	5731027	AT5G17410	+	0.2061020961
5	6155673	6155815	6155821	AT5G18540	+	0.171578354
5	6520085	6520190	6520202	AT5G19350	+	0.1028549917
5	19663794	19663927	19663930	AT5G48520	+	-0.2038617765
5	21688941	21689190	21689269	AT5G53450	+	0.0758781221
5	23437729	23437920	23437925	AT5G57860	+	-0.2262682517
5	24348026	24348368	24348380	AT5G60570	+	-0.182976349
5	24545352	24545429	24545432	AT5G60980	+	0.0940381966
5	24914720	24914814	24914817	AT5G62000	+	0.1207051655
5	25187519	25187596	25187619	AT5G62710	+	-0.193717187
1	2333505	2333262	2333281	AT1G07570	-	0.5552438806
1	2508109	2507815	2507818	AT1G08060	-	-0.7335516595
1	2746404	2745654	2745702	AT1G08630	-	-1
1	4845226	4845126	4845150	AT1G14170	-	-0.6432900108
1	5015177	5015089	5015091	AT1G14620	-	0.3249058003
1	5296406	5296046	5296051	AT1G15400	-	0.1267937944
1	6193688	6193434	6193458	AT1G17990	-	0.3930510812
1	6214214	6214110	6214113	AT1G18070	-	0.1416292877
1	8029756	8029524	8029528	AT1G22700	-	0.1685347213
1	13125118	13124815	13124827	AT1G35580	-	0.1014597797
1	14292006	14291900	14291930	AT1G38065	-	0.5
1	18061243	18060963	18060978	AT1G48830	-	-0.1024251801
1	18446390	18446196	18446199	AT1G49830	-	-1
1	18709036	18708791	18708808	AT1G50500	-	0.2919972257
1	18712379	18712285	18712297	AT1G50500	-	0.2254970983
1	18715549	18715377	18715434	AT1G50500	-	0.2804275165
1	19250605	19250199	19250211	AT1G51840	-	-0.57633882
1	19250605	19250199	19250358	AT1G51840	-	-0.6201614551
1	19324051	19323932	19323940	AT1G51980	-	-0.0772465029
1	19608199	19607907	19607941	AT1G52630	-	-0.382337967
1	21141441	21141170	21141200	AT1G56440	-	-0.4209477523
1	22462720	22462390	22462393	AT1G60990	-	0.3142694529
1	24205694	24205563	24205571	AT1G65150	-	0.6764915441
1	24366334	24366065	24366089	AT1G65520_and_AT1G65540	-	-0.1848069925
1	24518116	24518012	24518023	AT1G65900	-	-0.353182134
1	25079553	25079443	25079464	AT1G67120	-	-0.6170267232
1	25911043	25910492	25910538	AT1G68910	-	-0.4060748273
1	27347085	27346899	27346919	AT1G72640	-	-0.1630060715
1	27347770	27347658	27347661	AT1G72640	-	0.1727673805
1	27634522	27634289	27634292	AT1G73490	-	-0.1602668839
1	30237649	30237205	30237319	AT1G80420	-	0.4149655264
2	864248	863995	864087	AT2G02960	-	-0.5447134352
2	864248	864001	864087	AT2G02960	-	-0.3164838825
2	864248	864020	864087	AT2G02960	-	-0.869644878
2	8352381	8352222	8352237	AT2G19240	-	-1
2	9102961	9102501	9102591	AT2G21240_and_AT2G21250	-	0.15085747
2	9460853	9460285	9460338	AT2G22250	-	0.1647668014
2	10284915	10284841	10284856	AT2G24190	-	0.3901309158
2	10771122	10771024	10771052	AT2G25297	-	1
2	10887530	10887378	10887437	AT2G25565_and_AT2G25570	-	-0.2547405077
2	12769481	12769367	12769397	AT2G29960	-	-0.0842408516
2	13653747	13653414	13653427	AT2G32120	-	0.652540172
2	14310196	14310083	14310089	AT2G33830	-	0.0491914518
2	15980470	15980177	15980234	AT2G38130	-	-0.1567515127
2	18588192	18587471	18587475	AT2G45070	-	-0.063516682
3	948879	948736	948795	AT3G03770	-	0.743824598
3	1218072	1217967	1217970	AT3G04520	-	0.1685707371
3	1462903	1462783	1462786	AT3G05165	-	-0.2099352179
3	1503249	1502960	1503006	AT3G05270	-	-0.4726827929
3	2114836	2114726	2114748	AT3G06680	-	0.4941598436
3	2664453	2664351	2664358	AT3G08770	-	0.20023921
3	3770261	3769988	3769991	AT3G11910	-	0.1366195964
3	4999321	4999229	4999232	AT3G14860	-	-0.2373128546
3	5890268	5890167	5890170	AT3G17240	-	-0.0838840448
3	6374793	6374643	6374713	AT3G18530_and_AT3G18535	-	1
3	7575160	7575082	7575085	AT3G21500	-	-1
3	8607982	8607687	8607699	AT3G23830	-	0.1209359107
3	9957644	9957540	9957559	AT3G27010	-	1
3	10795226	10794972	10795038	AT3G28760	-	0.3014459426
3	11129883	11129794	11129799	AT3G29160	-	0.2312444566
3	11383924	11383661	11383675	AT3G29575	-	0.3731211002
3	15615863	15615679	15615685	AT3G43720	-	-0.093979309
3	18102765	18102632	18102659	AT3G48820	-	-0.2510780551
3	19349394	19349132	19349146	AT3G52170	-	-0.2062469565
3	19864363	19864114	19864153	AT3G53560_and_AT3G53570	-	-0.2561495126
3	19956296	19956062	19956080	AT3G53890	-	-0.0856805241
3	20019076	20018925	20018980	AT3G54060	-	-1
3	20847710	20847619	20847623	AT3G56190	-	0.1037928372
3	21577792	21577661	21577672	AT3G58270	-	0.5
3	23236488	23236111	23236114	AT3G62840	-	-0.0858580264
4	689185	689093	689096	AT4G01590	-	-0.1419512777
4	945756	944729	944732	AT4G02130	-	-0.2353219951
4	6713146	6712957	6712969	AT4G10950	-	-1
4	8974161	8974065	8974101	AT4G15760	-	0.2089099058
4	14477681	14477543	14477589	AT4G29440	-	0.4543084929
4	18219336	18218733	18218753	AT4G39100	-	-0.1342794122
5	1073372	1072960	1072985	AT5G03970	-	-0.4723672138
5	4656498	4656173	4656176	AT5G14440	-	0.1284871132
5	5606499	5606221	5606235	AT5G17040	-	0.4401919453
5	5757542	5757450	5757464	AT5G17460	-	0.708384951
5	8133047	8132787	8132826	AT5G24060	-	-0.1309025339
5	18350170	18350071	18350074	AT5G45290	-	-0.2334153112
5	18434895	18434831	18434855	AT5G45500	-	1
5	20881525	20881386	20881393	AT5G51410	-	-0.7046137381
5	22454703	22454437	22454492	AT5G55380_and_AT5G55390	-	0.3887751859
5	23747188	23746937	23746943	AT5G58800	-	-0.2106908651
5	24684045	24683852	24683858	AT5G61410	-	0.0678873207
5	25022356	25022246	25022249	AT5G62300	-	0.0540454039
5	25628906	25628809	25628813	AT5G64040	-	0.1172371215
5	25737204	25736775	25736890	AT5G64360	-	0.5482557609
5	26556649	26556557	26556570	AT5G66540	-	0.1585948751
1	416435	416731	416743	AT1G02190	+	-1
1	803117	803543	803565	AT1G03280	+	-0.2249445551
1	1761228	1761301	1761309	AT1G05830	+	-0.3801296494
1	4030139	4030221	4030227	AT1G11930	+	0.1028505855
1	4335293	4335438	4335458	AT1G12730	+	-0.4031929403
1	4749747	4749835	4749838	AT1G13880	+	-0.2905004079
1	5059629	5059726	5059732	AT1G14700	+	0.3511456821
1	5253387	5253546	5253549	AT1G15280	+	-0.1517016687
1	5789853	5789930	5789951	AT1G16930	+	0.5
1	6003008	6003416	6003420	AT1G17470	+	-0.1446049668
1	7372013	7372098	7372134	AT1G21060	+	0.3569538893
1	7497234	7497410	7497441	AT1G21410	+	0.2865765697
1	8069641	8070159	8070165	AT1G22790	+	0.1497056367
1	10769114	10769244	10769248	AT1G30450	+	-0.4141058002
1	16970693	16970827	16970833	AT1G44900	+	0.2576561192
1	18949663	18950007	18950014	AT1G51160	+	-0.1242790346
1	19032091	19032179	19032184	AT1G51340	+	0.3631861978
1	25132698	25133039	25133044	AT1G67190	+	0.3534819607
1	26126477	26126772	26126777	AT1G69510	+	0.05709493
1	26855998	26856087	26856090	AT1G71240	+	0.5273849587
2	629353	629518	629539	AT2G02390	+	0.1202278201
2	2322382	2322847	2322850	AT2G05990	+	-0.0570850395
2	11022624	11022707	11022743	AT2G25840	+	-0.1290127895
2	17590271	17590622	17590626	AT2G42210	+	0.1564626742
2	17590271	17590626	17590631	AT2G42210	+	-0.1082084353
3	282152	282310	282327	AT3G01780	+	0.1801646992
3	1259461	1259567	1259570	AT3G04630	+	-0.1880608676
3	1843853	1843937	1843967	AT3G06110	+	0.1626904386
3	3776659	3776910	3776916	AT3G11930	+	0.153831381
3	3776659	3776913	3776916	AT3G11930	+	0.12933317
3	6867748	6867839	6867843	AT3G19770	+	-0.2615690811
3	8474895	8474990	8474999	AT3G23590_and_AT3G23600	+	0.0520586629
3	8964555	8964626	8964636	AT3G24560	+	0.7198907588
3	9222226	9222328	9222379	AT3G25430	+	-0.344480714
3	9224137	9224242	9224264	AT3G25440	+	0.5238082523
3	17158209	17158298	17158302	AT3G46600	+	0.2386075115
3	21230362	21230435	21230454	AT3G57380	+	-0.7125814085
3	21715316	21715403	21715406	AT3G58710	+	-0.2652039927
3	22495171	22495449	22495452	AT3G60880	+	-0.1559992163
3	23378258	23378544	23378566	AT3G63280	+	0.5145361326
4	5315232	5315323	5315326	AT4G08390	+	-0.1261630403
4	7607424	7607497	7607506	AT4G13030	+	-0.6253989181
4	7607557	7607658	7607661	AT4G13030	+	0.6253989181
4	9728860	9728991	9728996	AT4G17440	+	-0.4244064915
4	12312575	12312711	12312737	AT4G23600	+	0.1665598261
4	12364537	12364605	12364623	AT4G23730	+	-0.1935560205
4	13282028	13282354	13282359	AT4G26210	+	0.1773527607
4	14167887	14167969	14167975	AT4G28706_and_AT4G28710	+	0.2880366352
4	14387970	14388055	14388064	AT4G29180	+	-1
4	15610739	15610857	15610860	AT4G32330	+	0.2409889048
4	16140104	16140195	16140198	AT4G33565_and_AT4G33580	+	0.1550788045
4	16164871	16164960	16164963	AT4G33650	+	0.2876714626
4	17916687	17916902	17916912	AT4G38200	+	0.2588711435
5	1018440	1018641	1018655	AT5G03830	+	0.5
5	2332936	2333017	2333020	AT5G07380	+	1
5	3069083	3069216	3069219	AT5G09860	+	-0.1835737381
5	3947558	3947671	3947674	AT5G12210	+	-0.181470672
5	5374098	5374334	5374344	AT5G16450	+	-0.1890620059
5	5536047	5536755	5536761	AT5G16840	+	-0.125968938
5	6192477	6192614	6192690	AT5G18610	+	-0.3637307064
5	8228974	8229153	8229171	AT5G24230	+	1
5	15270425	15270748	15270758	AT5G38220	+	0.2053495205
5	15422380	15422477	15422513	AT5G38520	+	0.0564884281
5	17526859	17527241	17527256	AT5G43630	+	0.2863571073
5	18826172	18826287	18826296	AT5G46410_and_AT5G46420	+	0.397080866
5	21237274	21237356	21237359	AT5G52300	+	1
5	21295491	21296163	21296168	AT5G52470_and_AT5G52471	+	0.051789529
5	26255795	26256091	26256097	AT5G65670	+	-0.0497312706
5	26468711	26469044	26469049	AT5G66250	+	0.3154982295
