	Cai_event_psi_fio1-Cai_event_psi_col0_dPSI	Cai_event_psi_fio1-Cai_event_psi_col0_p-val							
AT1G01060	A3	1	35474~35567	35471~35567	-	-0.1867113126	0		
AT1G02500	A3	1	518378~519033	518378~519036	+	0.0270994602	0.043956044		
AT1G02690	A3	1	585685~585776	585685~585779	+	0.3200596612	0.0034965035		
AT1G03080	A3	1	737437~737562	737420~737562	-	0.1387542116	0.023976024		
AT1G04230	A3	1	1127256~1127434	1127256~1127437	+	-0.2024766535	0.0324675325		
AT1G06230	A3	1	1907169~1907281	1907169~1907430	+	-0.5846943479	0.02997003		
AT1G06890	A3	1	2111605~2111761	2111602~2111761	-	0.1808845272	0.032967033		
AT1G08060	A3	1	2507818~2508109	2507815~2508109	-	0.2616218744	0.0294705295		
AT1G10570	A3	1	3487974~3488329	3487974~3488332	+	0.2660742377	0.015984016		
AT1G11360	A3	1	3821795~3822147	3821780~3822147	-	-0.5564353382	0.04995005		
AT1G13880	A3	1	4749747~4749835	4749747~4749838	+	-0.2564870458	0.010989011		
AT1G13930	A3	1	4761711~4762548	4761711~4762629	+	-0.0450196259	0.0214785215		
AT1G13980	A3	1	4788654~4789461	4788654~4789492	+	-0.1348029116	0.041958042		
AT1G15280	A3	1	5253387~5253546	5253387~5253549	+	-0.1921149217	0.0034965035		
AT1G17130	A3	1	5854461~5854865	5854461~5854886	+	-0.0645296077	0.048951049		
AT1G18660	A3	1	6421303~6421382	6421303~6421398	+	-0.1110715932	0.017982018		
AT1G18730	A3	1	6460808~6460896	6460808~6460899	+	-0.0901391947	0.017982018		
AT1G18950	A3	1	6550669~6550763	6550669~6550769	+	0.2173972157	0.025974026		
AT1G19140	A3	1	6611314~6611398	6611311~6611398	-	0.1306839712	0.0204795205		
AT1G19350	A3	1	6688738~6688826	6688738~6688834	+	-0.1694552084	0.008991009		
AT1G19650	A3	1	6797311~6797410	6797268~6797410	-	0.1860883609	0.0124875125		
AT1G27450	A3	1	9532201~9532353	9532201~9532401	+	-0.0950336656	0.017982018		
AT1G29040_and_AT1G29041	A3	1	10134777~10135051	10134777~10135058	+	-0.3150104097	0.007992008		
AT1G29850	A3	1	10448745~10448846	10448745~10448849	+	-0.1371837377	0.008991009		
AT1G30330	A3	1	10689907~10689994	10689901~10689994	-	-0.1031394809	0.041958042		
AT1G31420	A3	1	11252680~11252756	11252680~11252759	+	0.1534970119	0.004995005		
AT1G33470	A3	1	12145610~12145684	12145610~12145687	+	0.1472102501	0.013986014		
AT1G47230	A3	1	17307577~17307672	17307577~17307675	+	-0.1916863848	0.0294705295		
AT1G48310	A3	1	17853312~17853411	17853297~17853411	-	0.4521630953	0.012987013		
AT1G48390	A3	1	17881076~17881228	17881066~17881228	-	-1	0		
AT1G48410	A3	1	17890649~17890735	17890643~17890735	-	0.07663368	0.0254745255		
AT1G48770_and_AT1G48780	A3	1	18040931~18041333	18040931~18041346	+	0.898934733	0		
AT1G48830	A3	1	18060978~18061243	18060963~18061243	-	0.0505887095	0.031968032		
AT1G49630	A3	1	18367826~18368344	18367819~18368344	-	-0.3983167259	0.0134865135		
AT1G50840	A3	1	18841644~18841948	18841644~18841951	+	0.1025663099	0.0334665335		
AT1G52870	A3	1	19687201~19687277	19687201~19687281	+	-0.0342208542	0.037962038		
AT1G55340	A3	1	20652822~20652902	20652822~20652932	+	0.1103597241	0.0184815185		
AT1G56720	A3	1	21265570~21265873	21265565~21265873	-	-0.146628929	0.0224775225		
AT1G58602_and_AT1G58561	A3	1	21764158~21764770	21764158~21765051	+	-0.1312891221	0.0094905095		
AT1G59750	A3	1	21982995~21983072	21982995~21983081	+	0.1555352994	0.026973027		
AT1G61500	A3	1	22692889~22693247	22692820~22693247	-	0.5016725003	0.0134865135		
AT1G62180	A3	1	22977029~22977114	22977008~22977114	-	-0.026768001	0.0464535465		
AT1G62790	A3	1	23252943~23253384	23252943~23253387	+	0.1465491945	0.0074925075		
AT1G63110	A3	1	23405445~23405638	23405445~23405658	+	-0.1895175289	0.021978022		
AT1G64300	A3	1	23863216~23863287	23863216~23863291	+	0.5204485992	0.0254745255		
AT1G65150	A3	1	24205571~24205694	24205563~24205694	-	0.2013980527	0.0374625375		
AT1G66200	A3	1	24656795~24656855	24656768~24656855	-	-0.0276801432	0.0434565435		
AT1G67325	A3	1	25210310~25210504	25210307~25210504	-	0.1082076941	0.0444555445		
AT1G67950	A3	1	25479378~25479446	25479375~25479446	-	-0.137122631	0.020979021		
AT1G69510	A3	1	26126477~26126772	26126477~26126777	+	0.0434289211	0.0374625375		
AT1G72420	A3	1	27261756~27261849	27261745~27261849	-	-0.1916036046	0.046953047		
AT1G72640	A3	1	27346919~27347085	27346899~27347085	-	-0.086553894	0.017982018		
AT1G72640	A3	1	27347661~27347770	27347658~27347770	-	0.1999449646	0.0014985015		
AT1G79110	A3	1	29759922~29759999	29759922~29760008	+	-0.0791778152	0.0374625375		
AT2G02560	A3	2	690380~690463	690380~690469	+	0.129881176	0.0334665335		
AT2G14045	A3	2	5906638~5906998	5906638~5907004	+	0.1296882747	0.012987013		
AT2G15580	A3	2	6798141~6798522	6798141~6798527	+	0.0851428384	0.028971029		
AT2G17500	A3	2	7606870~7606944	7606870~7606963	+	0.234584255	0.031968032		
AT2G18280	A3	2	7946410~7946689	7946410~7946721	+	-0.0580186396	0.048951049		
AT2G19730	A3	2	8511560~8511739	8511560~8511743	+	-0.0569325909	0.026973027		
AT2G20820	A3	2	8964879~8964978	8964879~8965022	+	0.051307701	0.016983017		
AT2G21370	A3	2	9139589~9139703	9139585~9139703	-	-0.1636349783	0.006993007		
AT2G21385_and_AT2G21390	A3	2	9149797~9149885	9149797~9150092	+	-0.1217492304	0.044955045		
AT2G22490	A3	2	9554417~9554505	9554414~9554505	-	-0.1267621988	0.025974026		
AT2G24270	A3	2	10329618~10329722	10329607~10329722	-	-0.0658498921	0.017982018		
AT2G25480	A3	2	10844270~10844348	10844270~10844351	+	0.1239746403	0.015984016		
AT2G27340	A3	2	11696799~11696937	11696799~11697449	+	-0.3324820329	0.04995005		
AT2G27350	A3	2	11699997~11700081	11699994~11700081	-	-0.1861717412	0.017982018		
AT2G27790	A3	2	11849321~11849465	11849296~11849465	-	-0.3028572056	0.04995005		
AT2G32700	A3	2	13867128~13867212	13867128~13867215	+	-0.0950672278	0.045954046		
AT2G32700	A3	2	13869938~13870117	13869938~13870123	+	0.1346315912	0.035964036		
AT2G33480	A3	2	14181789~14181879	14181789~14181885	+	0.1288378043	0.0094905095		
AT2G33560	A3	2	14214808~14214898	14214805~14214898	-	-0.1519879405	0.048951049		
AT2G35160	A3	2	14822889~14822972	14822889~14822985	+	-0.6023744812	0.03996004		
AT2G37300	A3	2	15663817~15663919	15663802~15663919	-	-0.2932744642	0.032967033		
AT2G37480	A3	2	15738899~15739250	15738899~15739253	+	-0.1276520154	0.007992008		
AT2G38040	A3	2	15920771~15920848	15920771~15920856	+	-0.1186994895	0.0034965035		
AT2G41880	A3	2	17474811~17475036	17474811~17475049	+	0.3294907771	0.0494505495		
AT2G42120	A3	2	17565780~17565909	17565777~17565909	-	-0.2562232407	0.0234765235		
AT2G45740	A3	2	18839698~18839852	18839698~18839855	+	0.11646341	0.0034965035		
AT2G47640	A3	2	19537529~19537860	19537529~19537863	+	-0.1995876593	0.004995005		
AT3G02180	A3	3	405258~405359	405258~405364	+	0.0321537392	0.0294705295		
AT3G02260	A3	3	447203~447288	447200~447288	-	0.3168136811	0.023976024		
AT3G03020	A3	3	681291~681569	681291~681649	+	0.1054013961	0.0474525475		
AT3G03770	A3	3	948795~948879	948736~948879	-	0.1171060284	0.045954046		
AT3G04630	A3	3	1259461~1259567	1259461~1259570	+	-0.1942741791	0.0054945055		
AT3G05165	A3	3	1462786~1462903	1462783~1462903	-	-0.3470392965	0.0134865135		
AT3G05420	A3	3	1563298~1563412	1563298~1563415	+	-0.1615565942	0.006993007		
AT3G06340	A3	3	1922717~1923235	1922714~1923235	-	0.3902614199	0.01998002		
AT3G07300	A3	3	2327424~2327536	2327406~2327536	-	0.1789226213	0.0134865135		
AT3G07565	A3	3	2414825~2415061	2414825~2415064	+	0.2481869686	0.032967033		
AT3G07770	A3	3	2479064~2479544	2479064~2479549	+	0.1397288604	0.004995005		
AT3G09600	A3	3	2947983~2948156	2947983~2948178	+	-0.2442802977	0.008991009		
AT3G10810	A3	3	3381921~3382019	3381918~3382019	-	-0.1219752493	0.0304695305		
AT3G11930	A3	3	3776659~3776910	3776659~3776916	+	0.1333430326	0.028971029		
AT3G11930	A3	3	3776659~3776913	3776659~3776916	+	0.1099562235	0.028971029		
AT3G14010	A3	3	4636611~4637143	4636611~4637147	+	-0.145812801	0.0424575425		
AT3G19770	A3	3	6867748~6867839	6867748~6867843	+	-0.1810823182	0.034965035		
AT3G21700	A3	3	7645179~7645260	7645179~7645263	+	-0.2819461008	0.0164835165		
AT3G22480	A3	3	7968218~7969067	7968218~7969070	+	-0.0685719947	0.040959041		
AT3G27260	A3	3	10070372~10070619	10070372~10070646	+	-0.1459636689	0.01998002		
AT3G29360	A3	3	11268829~11269175	11268826~11269175	-	0.1242132873	0.0024975025		
AT3G44590	A3	3	16163884~16163976	16163884~16163979	+	-0.0880444563	0.026973027		
AT3G44630	A3	3	16196078~16196264	16196078~16196267	+	0.1271197224	0.031968032		
AT3G48060	A3	3	17748022~17748235	17748019~17748235	-	-0.3304434528	0.0094905095		
AT3G52170	A3	3	19349146~19349394	19349132~19349394	-	-0.1570240591	0.040959041		
AT3G52890	A3	3	19608116~19609031	19608116~19609050	+	-0.2008808452	0.022977023		
AT3G56580	A3	3	20961690~20962362	20961690~20962483	+	0.1612078298	0.033966034		
AT3G58050	A3	3	21493175~21493245	21493175~21493248	+	-0.1983321575	0.018981019		
AT3G59060	A3	3	21828308~21828386	21828302~21828386	-	-0.0412739514	0.04995005		
AT3G59060	A3	3	21829913~21830182	21829902~21830182	-	-0.0782921575	0.047952048		
AT3G60750	A3	3	22454486~22454638	22454486~22454641	+	-0.0297366734	0.03996004		
AT3G62010	A3	3	22967594~22967795	22967594~22967804	+	-0.2052389562	0.0074925075		
AT3G62260	A3	3	23039845~23040224	23039842~23040224	-	-0.2120343211	0.024975025		
AT3G62840	A3	3	23236114~23236488	23236111~23236488	-	-0.1410276404	0.0024975025		
AT3G62940	A3	3	23264254~23264639	23264238~23264639	-	0.1814441792	0.00999001		
AT4G01040_and_AT4G01050	A3	4	455057~455151	455057~455157	+	0.1742208761	0.014985015		
AT4G01330	A3	4	552656~552731	552656~552734	+	-0.1620822683	0.004995005		
AT4G02920	A3	4	1292905~1293227	1292905~1293230	+	-0.0680786037	0.0214785215		
AT4G03110	A3	4	1377410~1377508	1377407~1377508	-	-0.1147370337	0.040959041		
AT4G05320	A3	4	2718254~2718559	2718254~2718565	+	-0.0413464457	0.04995005		
AT4G08320	A3	4	5254526~5254613	5254526~5254616	+	0.1861110229	0.023976024		
AT4G08390	A3	4	5317096~5317176	5317096~5317179	+	-0.0804618853	0.044955045		
AT4G09150	A3	4	5830966~5831044	5830966~5831047	+	-0.1658737807	0.0134865135		
AT4G14695	A3	4	8419887~8420110	8419887~8420164	+	-0.3689444802	0.048951049		
AT4G15530	A3	4	8870754~8870852	8870730~8870852	-	-0.1352438354	0.01998002		
AT4G15530	A3	4	8870754~8870852	8870734~8870852	-	-0.1929400616	0.01998002		
AT4G18070	A3	4	10032335~10032595	10032335~10032598	+	-0.1712407559	0.044955045		
AT4G19110	A3	4	10455020~10455115	10455008~10455115	-	-0.1010427995	0.047952048		
AT4G19110	A3	4	10455020~10455115	10455011~10455115	-	-0.0705600537	0.047952048		
AT4G22320	A3	4	11793278~11793605	11793275~11793605	-	-0.297701779	0.0034965035		
AT4G22890	A3	4	12007355~12007782	12007355~12007788	+	0.0972551563	0.0224775225		
AT4G23570	A3	4	12300174~12300750	12300174~12300753	+	-0.1024086091	0.030969031		
AT4G25070	A3	4	12873626~12873705	12873626~12873711	+	-0.7148250122	0.046953047		
AT4G25110	A3	4	12889393~12889470	12889390~12889470	-	0.6510775624	0.046953047		
AT4G25800	A3	4	13125038~13125179	13125038~13125186	+	-0.4542373473	0.0124875125		
AT4G26300	A3	4	13312270~13312648	13312266~13312648	-	-0.1746351849	0.0374625375		
AT4G32590	A3	4	15722608~15722725	15722608~15722741	+	0.2252567597	0		
AT4G32620	A3	4	15736596~15736696	15736596~15736699	+	-0.1703610499	0.025974026		
AT4G32760	A3	4	15802970~15803159	15802970~15803162	+	-0.07355538	0.044955045		
AT4G33650	A3	4	16164871~16164960	16164871~16164963	+	0.1471153398	0.023976024		
AT4G34100	A3	4	16333483~16333643	16333483~16333646	+	-0.1122096463	0.0234765235		
AT4G35560	A3	4	16884241~16884321	16884241~16884324	+	-0.3568080697	0.00999001		
AT4G38092	A3	4	17885351~17885660	17885351~17885753	+	-0.422973457	0.0494505495		
AT4G38910	A3	4	18146263~18146361	18146260~18146361	-	-0.1881344413	0.048951049		
AT4G39100	A3	4	18218753~18219336	18218733~18219336	-	-0.1266086026	0.0124875125		
AT5G02040	A3	5	402477~402556	402477~402566	+	-0.1587844732	0.0344655345		
AT5G07980_and_AT5G01465	A3	5	2554771~2555428	2554701~2555428	-	0.2160567521	0.037962038		
AT5G08440	A3	5	2724018~2724389	2724018~2724392	+	0.2742444422	0.022977023		
AT5G09390	A3	5	2915607~2915734	2915607~2915740	+	-0.1095225292	0.0254745255		
AT5G13950	A3	5	4500431~4500606	4500427~4500606	-	0.228085541	0.011988012		
AT5G14060	A3	5	4535724~4536067	4535724~4536073	+	-0.0675067449	0.028971029		
AT5G16030	A3	5	5238585~5238680	5238585~5238683	+	-0.0849038176	0.011988012		
AT5G16030	A3	5	5238997~5239085	5238997~5239109	+	-0.027461079	0.043956044		
AT5G16150	A3	5	5272653~5272895	5272653~5272899	+	-0.112374177	0.013986014		
AT5G16280	A3	5	5326524~5326621	5326521~5326621	-	-0.2090374839	0.00999001		
AT5G19660	A3	5	6645047~6645318	6645037~6645318	-	0.2573200091	0.031968032		
AT5G20920	A3	5	7096495~7096623	7096492~7096623	-	-0.081195508	0.03996004		
AT5G20950	A3	5	7110819~7111196	7110797~7111196	-	-0.1824578125	0.002997003		
AT5G21040	A3	5	7146784~7147018	7146760~7147018	-	-0.2025968286	0.0434565435		
AT5G21040	A3	5	7146789~7147018	7146760~7147018	-	-0.2113203606	0.0434565435		
AT5G22040	A3	5	7298386~7298995	7298381~7298995	-	0.1592218223	0.016983017		
AT5G22320	A3	5	7389379~7389453	7389331~7389453	-	0.1047827655	0.046953047		
AT5G24520	A3	5	8371006~8371707	8371000~8371707	-	-0.1390653917	0.01998002		
AT5G28840	A3	5	10864044~10864726	10864025~10864726	-	-0.0495176527	0.0304695305		
AT5G36170	A3	5	14237724~14237809	14237721~14237809	-	-0.1094697505	0.008991009		
AT5G38520	A3	5	15422380~15422477	15422380~15422513	+	-0.0776264259	0.0174825175		
AT5G43240	A3	5	17354785~17355097	17354780~17355097	-	-0.8342083841	0.0274725275		
AT5G45300	A3	5	18354112~18354286	18354112~18354292	+	0.1411332484	0.0494505495		
AT5G46430_and_AT5G06825	A3	5	18833301~18833415	18833301~18833419	+	0.0240783272	0.044955045		
AT5G48370	A3	5	19599693~19599789	19599690~19599789	-	-0.1902548427	0.0344655345		
AT5G48520	A3	5	19663794~19663927	19663794~19663930	+	-0.2127980463	0.0184815185		
AT5G48880	A3	5	19817121~19817773	19817029~19817773	-	0.1157893809	0.0174825175		
AT5G51080	A3	5	20770686~20770911	20770625~20770911	-	0.2857307462	0.0444555445		
AT5G51410	A3	5	20881393~20881525	20881386~20881525	-	0.38715986	0.003996004		
AT5G53500	A3	5	21728645~21729033	21728633~21729033	-	-0.1129264092	0.0434565435		
AT5G55600	A3	5	22522121~22522192	22522081~22522192	-	0.3226112797	0.044955045		
AT5G56850	A3	5	22987424~22987499	22987420~22987499	-	-0.1597463011	0.0224775225		
AT5G57860	A3	5	23437729~23437920	23437729~23437925	+	-0.253194622	0.013986014		
AT5G58330	A3	5	23582023~23582115	23582020~23582115	-	-0.1023346944	0.002997003		
AT5G60170	A3	5	24229555~24229700	24229555~24229706	+	0.2179275464	0.002997003		
AT5G60570	A3	5	24348026~24348368	24348026~24348380	+	-0.1465696533	0.0344655345		
AT5G61020	A3	5	24559247~24559363	24559241~24559363	-	0.1515165354	0.001998002		
AT5G61410	A3	5	24683858~24684045	24683852~24684045	-	0.1087518456	0.0014985015		
AT5G61580	A3	5	24763557~24763660	24763557~24763663	+	-0.1206749736	0.030969031		
AT5G61730	A3	5	24805836~24805905	24805806~24805905	-	-1	0		
AT5G62000	A3	5	24914720~24914814	24914720~24914817	+	0.1295023429	0.003996004		
AT5G62300	A3	5	25022249~25022356	25022246~25022356	-	-0.0423693027	0.014985015		
AT5G65430	A3	5	26148566~26148687	26148560~26148687	-	0.0910924796	0.0124875125		
AT1G01020	A5	1	8464~8571	8464~8594	-	0.4831529104	0.005994006		
AT1G01740	A5	1	274083~274167	274083~274171	-	0.4513898	0.026973027		
AT1G03310	A5	1	813604~813929	813581~813929	+	-0.4507000005	0		
AT1G04430	A5	1	1198681~1198788	1198637~1198788	+	-0.2678312032	0.023976024		
AT1G06670_and_AT1G06680	A5	1	2048190~2048297	2048186~2048297	+	0.0652336055	0.0084915085		
AT1G07700	A5	1	2379798~2380104	2379729~2380104	+	0.2406670585	0.0004995005		
AT1G08040	A5	1	2497998~2498480	2497998~2498484	-	-0.2919159315	0.005994006		
AT1G08570	A5	1	2713010~2713096	2712985~2713096	+	-0.1146871445	0.0204795205		
AT1G09060	A5	1	2925248~2925688	2925248~2925712	-	0.1857330901	0.030969031		
AT1G10590	A5	1	3503004~3503370	3503004~3503374	-	0.1526526001	0.005994006		
AT1G10740	A5	1	3567965~3568316	3567965~3568324	-	-0.3624001276	0.000999001		
AT1G13460	A5	1	4616059~4616428	4615978~4616428	+	0.1872829852	0.0444555445		
AT1G14970	A5	1	5164347~5164532	5164347~5164537	-	-0.3606305875	0.0324675325		
AT1G16780_and_AT1G16800	A5	1	5743829~5744112	5743829~5744139	-	0.3841958062	0.008991009		
AT1G17110	A5	1	5848119~5848200	5848119~5848212	-	-0.1340927325	0.045954046		
AT1G18840	A5	1	6503950~6504071	6503950~6504081	-	-0.1860495672	0.012987013		
AT1G18950	A5	1	6550681~6550763	6550669~6550763	+	-0.6217520006	0		
AT1G20060	A5	1	6952224~6952306	6952224~6952309	-	0.5736600122	0.0474525475		
AT1G22860_and_AT1G22870	A5	1	8090357~8090460	8090353~8090460	+	-0.2505888182	0.01998002		
AT1G23080	A5	1	8182128~8182206	8182128~8182218	-	-0.4502530475	0		
AT1G24160	A5	1	8555849~8556140	8555849~8556145	-	-0.0711349716	0.045954046		
AT1G24793_and_AT1G24800	A5	1	8768836~8768903	8768808~8768903	+	0.2549810674	0.0464535465		
AT1G26260	A5	1	9087046~9087153	9086897~9087153	+	-0.8403957521	0.0044955045		
AT1G26850	A5	1	9303439~9303845	9303439~9303909	-	0.0747633111	0.0144855145		
AT1G29040_and_AT1G29041	A5	1	10134581~10134686	10134536~10134686	+	-0.1507941228	0.007992008		
AT1G29040_and_AT1G29041	A5	1	10134797~10135051	10134777~10135051	+	0.1822884359	0.007992008		
AT1G30240	A5	1	10642673~10642748	10642673~10642754	-	0.2223541271	0.037962038		
AT1G30410	A5	1	10741089~10741237	10741080~10741237	+	0.1918839297	0.0367132867		
AT1G30690	A5	1	10887850~10888276	10887827~10888276	+	-0.0573009336	0.0444555445		
AT1G31550	A5	1	11295912~11295991	11295912~11296000	-	0.2245433127	0.0074925075		
AT1G34065	A5	1	12400883~12400965	12400883~12400986	-	-0.2380164084	0.044955045		
AT1G35515_and_AT1G35516	A5	1	13078929~13079305	13078915~13079305	+	-0.2243494542	0.002997003		
AT1G49950	A5	1	18496750~18496922	18496750~18497084	-	-0.6600236531	0.005994006		
AT1G49950	A5	1	18496750~18497084	18496750~18497129	-	0.2322028529	0.005994006		
AT1G50240	A5	1	18606816~18607037	18606757~18607037	+	-0.2866902356	0.0384615385		
AT1G53310	A5	1	19888088~19888229	19888088~19888305	-	-0.0742824375	0.0454545455		
AT1G53380	A5	1	19915959~19916381	19915959~19916408	-	0.2626702538	0.017982018		
AT1G53650	A5	1	20030667~20030944	20030667~20030962	-	0.1540440777	0.0334665335		
AT1G54040	A5	1	20171987~20173743	20171987~20173853	-	0.2405397772	0		
AT1G54217	A5	1	20245059~20245243	20245059~20245401	-	1	0		
AT1G54310	A5	1	20274561~20274642	20274535~20274642	+	-0.2243770189	0.0134865135		
AT1G55000	A5	1	20516205~20516272	20516178~20516272	+	0.1798662445	0.043956044		
AT1G55500	A5	1	20722308~20722394	20722292~20722394	+	-0.2166800096	0.031968032		
AT1G56170	A5	1	21025011~21025105	21024796~21025105	+	-0.0880978989	0.045954046		
AT1G58520_locus2	A5	1	21732803~21733418	21732791~21733418	+	0.3296035237	0.0074925075		
AT1G59890	A5	1	22046241~22046502	22046226~22046502	+	0.2650869857	0.020979021		
AT1G62540	A5	1	23154588~23154664	23154534~23154664	+	0.2780300624	0.0164835165		
AT1G67700	A5	1	25375726~25375804	25375712~25375804	+	-0.2757009132	0		
AT1G68010	A5	1	25494839~25494908	25494836~25494908	+	0.0935781594	0.002997003		
AT1G68820	A5	1	25866882~25866962	25866864~25866962	+	-0.2839293888	0.030969031		
AT1G68910	A5	1	25908380~25908565	25908380~25908569	-	-0.1319917917	0.044955045		
AT1G69295	A5	1	26051565~26051792	26051565~26052555	-	0.0654297735	0.038961039		
AT1G70410	A5	1	26536517~26536604	26536517~26537404	-	0.0360968132	0.0424575425		
AT1G70610	A5	1	26622797~26622941	26622786~26622941	+	-0.222148023	0.0004995005		
AT1G72740	A5	1	27380901~27381147	27380901~27381165	-	0.1738768925	0.014985015		
AT1G72930	A5	1	27439973~27440072	27439930~27440072	+	-0.1258715668	0.000999001		
AT1G73170	A5	1	27514268~27514351	27514268~27514355	-	0.1905307742	0.005994006		
AT1G73390	A5	1	27594166~27594495	27594166~27594499	-	0.3339742769	0.0074925075		
AT1G74810	A5	1	28107935~28108395	28107927~28108395	+	0.5473851859	0.013986014		
AT1G77890_and_AT1G77910	A5	1	29293278~29293401	29293272~29293401	+	0.4820953445	0.02997003		
AT1G78690	A5	1	29597235~29597316	29597210~29597316	+	-0.4261959545	0.031968032		
AT1G79190	A5	1	29792228~29792309	29792210~29792309	+	-0.4199774551	0.0174825175		
AT1G79270	A5	1	29816515~29816607	29815873~29816607	+	-0.6381422853	0.008991009		
AT1G79270	A5	1	29816515~29816607	29816190~29816607	+	-0.1302061216	0.024975025		
AT1G79270	A5	1	29816515~29816607	29816510~29816607	+	-0.5430984206	0.023976024		
AT1G79570	A5	1	29937648~29938043	29937648~29938062	-	-0.1500615976	0.045954046		
AT1G80030_and_AT1G80040	A5	1	30105250~30105341	30105250~30105377	-	0.1539513461	0.02997003		
AT1G80360	A5	1	30210671~30210762	30210671~30210791	-	0.1870006241	0.00999001		
AT1G80940	A5	1	30411680~30411749	30411603~30411749	+	-0.1009765213	0.041958042		
AT2G01420	A5	2	181847~182005	181847~182017	-	-0.3571709625	0		
AT2G02080	A5	2	520660~520977	520660~520981	-	-0.6120559816	0		
AT2G04690	A5	2	1646066~1646155	1646031~1646155	+	-0.1680687544	0.013986014		
AT2G04790	A5	2	1679909~1680015	1679886~1680015	+	0.2532934905	0.001998002		
AT2G16920	A5	2	7338827~7339134	7338827~7339145	-	-0.1505762314	0.03996004		
AT2G16930	A5	2	7341247~7341489	7341210~7341489	+	-0.3201131551	0		
AT2G17500	A5	2	7606870~7606944	7606823~7606944	+	0.5075756794	0.002997003		
AT2G19880	A5	2	8584264~8584469	8584261~8584469	+	0.1470124365	0.0204795205		
AT2G20500_and_AT2G20510	A5	2	8838439~8838518	8838439~8838524	-	-1	0		
AT2G22990	A5	2	9789750~9789845	9789746~9789845	+	-0.0834878241	0.031968032		
AT2G23760	A5	2	10112778~10112886	10112778~10112996	-	0.1605808039	0.02997003		
AT2G26600	A5	2	11316793~11316999	11316613~11316999	+	-0.1335525819	0.0464535465		
AT2G27230	A5	2	11650729~11650817	11650691~11650817	+	-0.1157513954	0.018981019		
AT2G30600	A5	2	13037249~13037382	13037114~13037382	+	0.3210047044	0.0236013986		
AT2G32320	A5	2	13729242~13729567	13729206~13729567	+	-0.3407541667	0.018981019		
AT2G32487	A5	2	13792018~13792155	13791979~13792155	+	-0.2284711261	0.026973027		
AT2G34860	A5	2	14709812~14709931	14709808~14709931	+	0.0657788317	0.0214785215		
AT2G34900	A5	2	14725183~14725545	14725183~14725584	-	-0.2138195904	0.011988012		
AT2G38280	A5	2	16033654~16033727	16033654~16033742	-	-0.1497590714	0.0084915085		
AT2G38810	A5	2	16220681~16220826	16220681~16220910	-	0.1830826926	0.0434565435		
AT2G39730	A5	2	16571066~16571180	16571066~16571191	-	-0.251396423	0		
AT2G42300	A5	2	17622378~17623441	17622374~17623441	+	0.1676537498	0.045954046		
AT2G43490	A5	2	18057937~18058045	18057937~18058057	-	0.3395493203	0.035964036		
AT2G46270	A5	2	19002230~19002322	19002161~19002322	+	-0.4039033062	0.018981019		
AT2G47640	A5	2	19537260~19537350	19537255~19537350	+	-0.097561834	0.0204795205		
AT2G48070	A5	2	19663669~19663747	19663657~19663747	+	0.0710985996	0.014985015		
AT3G01150	A5	3	53958~54129	53911~54129	+	-0.2143121574	0.0264735265		
AT3G01310	A5	3	101356~101514	101356~101532	-	-0.2275763141	0.0254745255		
AT3G01340	A5	3	128483~128880	128483~128892	-	0.0840491287	0.025974026		
AT3G01810	A5	3	288937~289170	288738~289170	+	0.2264079016	0.0084915085		
AT3G02260	A5	3	448000~448168	448000~448198	-	-0.2373423071	0.023976024		
AT3G04910	A5	3	1355277~1355718	1355275~1355718	+	0.108459688	0.033966034		
AT3G05380	A5	3	1539763~1540550	1539728~1540550	+	0.4686773711	0.011988012		
AT3G06400	A5	3	1944688~1944770	1944682~1944770	+	-0.1152138573	0.023976024		
AT3G07090	A5	3	2244505~2244597	2244505~2244757	-	0.1261132189	0.0054945055		
AT3G07300	A5	3	2326220~2326719	2326220~2326725	-	-0.2752183953	0.011988012		
AT3G07510	A5	3	2394486~2394568	2394486~2394574	-	0.3600233865	0.003996004		
AT3G08690	A5	3	2641365~2641468	2641225~2641468	+	-0.1115991301	0.0424575425		
AT3G10250	A5	3	3170449~3170842	3170449~3170892	-	-0.2843929033	0.01998002		
AT3G13062_and_AT3G13065	A5	3	4185382~4185464	4185358~4185464	+	-0.2319520091	0.0024975025		
AT3G13120	A5	3	4220100~4220273	4220100~4220289	-	0.0451936491	0.042957043		
AT3G14010	A5	3	4636611~4637143	4636597~4637143	+	-0.1501135803	0.0387112887		
AT3G14010	A5	3	4638938~4639007	4638932~4639007	+	0.168899849	0.0274725275		
AT3G14150	A5	3	4692688~4692927	4692688~4692931	-	0.4034118993	0.0134865135		
AT3G17360	A5	3	5939132~5939203	5939108~5939203	+	-0.3535303603	0.0374625375		
AT3G17360	A5	3	5940671~5940805	5940644~5940805	+	-0.276457978	0.0374625375		
AT3G19460	A5	3	6748909~6748991	6748904~6748991	+	0.3446487625	0.007992008		
AT3G19860	A5	3	6904068~6904568	6903989~6904568	+	-0.1143602452	0.0304695305		
AT3G20070	A5	3	7006635~7006706	7006635~7006734	-	0.3056338617	0.034965035		
AT3G21175	A5	3	7423334~7423408	7423328~7423408	+	0.2980766083	0.0024975025		
AT3G21430	A5	3	7548778~7548863	7548778~7548875	-	-0.1420523186	0.0454545455		
AT3G44310	A5	3	15987742~15987932	15987551~15987932	+	-0.1489890745	0.004995005		
AT3G46830	A5	3	17248395~17248518	17248395~17248615	-	-0.0963203432	0.024975025		
AT3G51430	A5	3	19087543~19087628	19087537~19087628	+	-0.1387843083	0.036963037		
AT3G52560	A5	3	19495028~19495266	19495028~19495269	-	0.0957855805	0.023976024		
AT3G52890	A5	3	19608279~19609031	19608116~19609031	+	-0.2039579104	0.022977023		
AT3G56070	A5	3	20807523~20807852	20807523~20808025	-	-0.1192529028	0.011988012		
AT3G57050	A5	3	21114059~21114162	21114059~21114207	-	0.1886867571	0.006993007		
AT3G59360	A5	3	21935624~21935804	21935624~21935812	-	-0.3444619836	0.0024975025		
AT3G62290	A5	3	23053586~23053671	23053581~23053671	+	-0.3621376789	0		
AT3G63460	A5	3	23434825~23434944	23434825~23434950	-	0.3863730251	0		
AT3G63480	A5	3	23442601~23442678	23442601~23442690	-	-0.7631915639	0.002997003		
AT4G00810	A5	4	346962~347083	346962~347169	-	0.0306780695	0.030969031		
AT4G01600	A5	4	693515~693613	693500~693613	+	0.2831048257	0.0064935065		
AT4G01850	A5	4	797488~798199	797488~798203	-	-0.0459340077	0.0194805195		
AT4G02380	A5	4	1046633~1046730	1046633~1046734	-	0.1540650545	0.0384615385		
AT4G04340	A5	4	2123117~2123194	2122895~2123194	+	0.0721157988	0.0494505495		
AT4G09980	A5	4	6248662~6249105	6248662~6249116	-	-0.4145428306	0.0004995005		
AT4G10100	A5	4	6308849~6309085	6308816~6309085	+	-0.2353720816	0.0134865135		
AT4G10100	A5	4	6308849~6309085	6308832~6309085	+	-0.2378428676	0.0134865135		
AT4G10970	A5	4	6721885~6722029	6721885~6722138	-	-0.2015279055	0.008991009		
AT4G11480	A5	4	6972871~6972925	6972847~6972925	+	-1	0		
AT4G13575	A5	4	7892648~7892747	7892648~7892949	-	0.1209970046	0.0304695305		
AT4G14965	A5	4	8552769~8552924	8552747~8552924	+	0.2321128071	0.0014985015		
AT4G15090	A5	4	8614344~8614693	8614273~8614693	+	-0.4554960873	0.031968032		
AT4G17150	A5	4	9638824~9638926	9638820~9638926	+	-0.2843816286	0.04995005		
AT4G17310	A5	4	9685454~9685903	9685454~9685977	-	0.6442535555	0.02997003		
AT4G17570	A5	4	9785903~9785984	9785903~9785996	-	-0.5635815132	0.0004995005		
AT4G20920	A5	4	11196171~11196284	11196171~11196332	-	-1	0		
AT4G22120	A5	4	11719164~11719691	11719164~11719710	-	0.42028664	0.0384615385		
AT4G22740	A5	4	11945580~11945867	11945580~11945891	-	-0.1555375992	0.0074925075		
AT4G23910	A5	4	12426729~12427055	12426711~12427055	+	0.493785822	0		
AT4G24470	A5	4	12647548~12647609	12647524~12647609	+	0.269789022	0.0084915085		
AT4G26400	A5	4	13346067~13346388	13346067~13346405	-	-0.2878146618	0.002997003		
AT4G26630	A5	4	13434925~13435596	13434925~13435652	-	0.1117598104	0.0044955045		
AT4G26965	A5	4	13539832~13540218	13539828~13540218	+	-0.5302885976	0.0024975025		
AT4G28025	A5	4	13936536~13937258	13936536~13937285	-	0.1073016221	0.004995005		
AT4G31170	A5	4	15155118~15155467	15155118~15155576	-	-0.2085885235	0.013986014		
AT4G31180	A5	4	15156078~15156669	15156073~15156669	+	-0.1226656732	0.0104895105		
AT4G31350	A5	4	15212741~15213049	15212726~15213049	+	-0.1779383016	0.035964036		
AT4G31870	A5	4	15410884~15410968	15410870~15410968	+	0.0724800497	0.043956044		
AT4G32330	A5	4	15609117~15609790	15609106~15609790	+	-0.1456394291	0.011988012		
AT4G32900	A5	4	15879418~15879538	15879418~15879546	-	-0.1274844	0.032967033		
AT4G35450	A5	4	16839746~16839845	16839702~16839845	+	-0.0771206068	0.034965035		
AT4G38930	A5	4	18151113~18151189	18151101~18151189	+	-0.1083564291	0.043956044		
AT4G39390	A5	4	18315860~18316263	18315838~18316263	+	-0.3253641741	0.0124875125		
AT4G40050	A5	4	18561884~18561989	18561884~18561993	-	-0.3654910974	0.000999001		
AT5G01660	A5	5	248443~248876	248443~248980	-	-0.4285980165	0.0234765235		
AT5G06670	A5	5	2055047~2055286	2055047~2055367	-	-0.4382775492	0.03996004		
AT5G07340	A5	5	2317410~2317474	2317386~2317474	+	0.0827976379	0.0334665335		
AT5G10330	A5	5	3249837~3249928	3249837~3249958	-	0.63845435	0.044955045		
AT5G10940	A5	5	3451575~3452076	3451575~3452085	-	0.1402023073	0.028971029		
AT5G11630_and_AT5G11640	A5	5	3740942~3741504	3740877~3741504	+	0.3762786177	0.00999001		
AT5G14200	A5	5	4577467~4577555	4577465~4577555	+	0.0761328608	0.003996004		
AT5G14800	A5	5	4786378~4786481	4786378~4786485	-	0.0689618812	0.0324675325		
AT5G18620	A5	5	6196207~6196327	6196207~6196336	-	-0.3593029906	0.0004995005		
AT5G20060	A5	5	6776441~6776735	6776343~6776735	+	0.6478177149	0.0082417582		
AT5G22875	A5	5	7650710~7651266	7650681~7651266	+	-0.1018075031	0.0374625375		
AT5G25370	A5	5	8807555~8807669	8807555~8807680	-	0.7147357363	0.0464535465		
AT5G26240	A5	5	9194106~9194278	9194101~9194278	+	-0.3151649856	0.002997003		
AT5G26940	A5	5	9480786~9481353	9480770~9481353	+	0.3333333333	0.0314685315		
AT5G35330	A5	5	13525279~13525621	13525279~13525642	-	0.2350548509	0.016983017		
AT5G37850	A5	5	15065512~15065605	15065479~15065605	+	0.310312935	0.000999001		
AT5G40500	A5	5	16228049~16228120	16228022~16228120	+	0.1650555218	0.0024975025		
AT5G41140	A5	5	16472138~16472222	16472117~16472222	+	-0.0980740494	0.0274725275		
AT5G42940	A5	5	17219258~17220362	17219258~17220386	-	0.1521845392	0.031968032		
AT5G43990	A5	5	17699345~17699458	17699285~17699458	+	-0.5441522438	0.0494505495		
AT5G44290	A5	5	17843307~17843415	17843307~17843433	-	0.1606585688	0.021978022		
AT5G44290	A5	5	17843307~17843433	17843307~17843577	-	-0.1267972806	0.0366300366		
AT5G44750	A5	5	18056585~18056668	18056573~18056668	+	0.3925685282	0.001998002		
AT5G46740	A5	5	18967717~18967803	18967717~18967823	-	0.3995714807	0.0074925075		
AT5G47430	A5	5	19240164~19240431	19240164~19240802	-	-0.4786610105	0.0374625375		
AT5G48160	A5	5	19529838~19530155	19529838~19530217	-	0.1007420638	0.0194805195		
AT5G48880	A5	5	19816805~19816923	19816805~19817773	-	0.1635511252	0.0153180153		
AT5G56030	A5	5	22687132~22687351	22687045~22687351	+	0.0345494097	0.0334665335		
AT5G56250	A5	5	22771986~22772602	22771986~22772802	-	0.1335423437	0.031968032		
AT5G60390	A5	5	24288724~24289224	24288720~24289224	+	0.0367282042	0.028971029		
AT5G61150	A5	5	24603983~24604075	24603983~24604081	-	0.2015948525	0.0014985015		
AT5G61270	A5	5	24640293~24640438	24640293~24640458	-	-0.1969202141	0.006993007		
AT5G61300_and_AT5G61310	A5	5	24653752~24654770	24653752~24654845	-	0.2960916895	0.027972028		
AT5G61880	A5	5	24850431~24850548	24850426~24850548	+	-0.2875851957	0.006993007		
AT5G62090	A5	5	24938622~24938920	24938622~24939073	-	0.1222600373	0.036963037		
AT5G63190	A5	5	25345811~25346145	25345802~25346145	+	0.1625966672	0.012987013		
AT1G50460	AF	1	18693644	18694302~18695227	18694774	18694989~18695227	+	-0.2857009348	0.002997003
AT1G53190	AF	1	19837110	19837228~19837464	19837270	19837340~19837464	+	0.1098302255	0.041958042
AT1G65486	AF	1	24349510	24349631~24349964	24349632	24349870~24349964	+	-0.4972878025	0.0464535465
AT1G66960	AF	1	24989714~24989789	24989856	24989714~24991643	24991766	-	-0.9231033273	0.032967033
AT2G30600	AF	2	13036814	13036915~13037382	13036924	13037114~13037382	+	-0.2083551673	0.0404595405
AT2G30600	AF	2	13036814	13036915~13037382	13036925	13037249~13037382	+	-0.5042509257	0.0112387612
AT2G30600	AF	2	13036814	13036915~13037382	13037238	13037284~13037382	+	-0.6324639892	0.008991009
AT2G30600	AF	2	13036924	13037114~13037382	13037238	13037284~13037382	+	-0.4964635665	0.011988012
AT2G40520	AF	2	16922337	16922622~16922932	16922673	16922745~16922932	+	0.2523279883	0.0412087912
AT2G40520	AF	2	16922613	16923012~16923499	16923350	16923390~16923499	+	0.2998843874	0.0412087912
AT3G06340	AF	3	1922717~1923235	1923417	1922717~1923668	1923738	-	0.4467171341	0.01998002
AT3G15790	AF	3	5342712	5342772~5343184	5342797	5343093~5343184	+	-0.0770354111	0.030969031
AT3G53240	AF	3	19733766	19733959~19735822	19734621	19734623~19735822	+	0.2036642001	0.0454545455
AT3G55060	AF	3	20406259~20406621	20406644	20406259~20406920	20407101	-	-0.3765002627	0.030969031
AT3G59300	AF	3	21918321	21918700~21919246	21919080	21919139~21919246	+	-0.1580203943	0.026973027
AT5G20060	AF	5	6776073	6776216~6776735	6776236	6776343~6776735	+	0.1566046299	0.0082417582
AT5G22800	AF	5	7619631~7619877	7620079	7619631~7620114	7620278	-	0.0523065543	0.0474525475
AT5G26940	AF	5	9480308	9480699~9481353	9480702	9480770~9481353	+	0.1529687235	0.04995005
AT5G26940	AF	5	9480308	9480699~9481353	9480716	9480786~9481353	+	-0.1661657117	0.04995005
AT5G38210	AF	5	15260750	15261791~15263892	15262887	15263679~15263892	+	0.4008580612	0.040959041
AT5G40760	AF	5	16310663	16310929~16311273	16310989	16311190~16311273	+	0.2626313189	0.000999001
AT2G40435	AL	2	16887994~16888312	16888638	16887994~16889053	16889243	+	-0.2374529518	0.028971029
AT3G05932_and_AT3G05935	AL	3	1770911	1771130~1772228	1771503	1771533~1772228	-	0.2552510283	0.0484515485
AT5G66450	AL	5	26535809~26536277	26536301	26535809~26536317	26536524	+	-0.245300598	0.04995005
AT1G01060	RI	1	37023	37203~37373	37398	-	-0.2151427662	0	
AT1G02260	RI	1	441398	442620~442718	442972	-	0.2849267148	0.0474525475	
AT1G03080	RI	1	737233	737420~737562	737624	-	0.4292829347	0.011988012	
AT1G03080	RI	1	737233	737437~737562	737624	-	0.1493257959	0.023976024	
AT1G05540	RI	1	1639587	1640314~1640386	1640879	+	0.1325093374	0.047952048	
AT1G06890	RI	1	2111323	2111602~2111761	2111859	-	0.1952106044	0.0404595405	
AT1G07820	RI	1	2421089	2421783~2421903	2422066	-	0.0737987303	0.0154845155	
AT1G10657	RI	1	3531265	3531342~3531479	3531998	+	-0.1272981984	0.017982018	
AT1G10910	RI	1	3643454	3643582~3643732	3644187	+	-0.1193183699	0.0214785215	
AT1G13090	RI	1	4461738	4462730~4462813	4463469	+	-0.0629512004	0.0354645355	
AT1G13450	RI	1	4613286	4613516~4613755	4613889	-	-0.1634617446	0.0164835165	
AT1G13940	RI	1	4766396	4766470~4766594	4766852	-	0.1897475539	0.0334665335	
AT1G14710	RI	1	5064148	5064811~5064972	5065303	-	-0.0978440828	0.0244755245	
AT1G14970	RI	1	5164278	5164347~5164537	5165139	-	-0.3433615807	0.0324675325	
AT1G16720	RI	1	5725669	5725725~5725825	5725902	+	-0.0483399951	0.0334665335	
AT1G18660	RI	1	6420975	6421303~6421398	6421501	+	-0.2123105394	0.005994006	
AT1G19650	RI	1	6798854	6798953~6799099	6799384	-	-0.2111520047	0.0124875125	
AT1G20410	RI	1	7081892	7081968~7082067	7082226	-	0.1769485174	0.0414585415	
AT1G22310	RI	1	7882536	7883125~7883197	7883824	-	-0.1488338842	0.0474525475	
AT1G23360	RI	1	8296254	8296342~8296419	8296509	-	-0.1848437046	0.0114885115	
AT1G26180	RI	1	9055918	9055960~9056053	9056124	+	-0.128896852	0.0444555445	
AT1G26730	RI	1	9243813	9244238~9244326	9244462	+	-0.3482711025	0.025974026	
AT1G27770	RI	1	9673281	9675232~9675309	9675363	-	-0.1828780283	0.012987013	
AT1G27900	RI	1	9716179	9716339~9716538	9716607	-	-0.2388069147	0.044955045	
AT1G28960	RI	1	10109500	10109811~10109926	10110022	-	0.2070255826	0.027972028	
AT1G28960	RI	1	10109926	10110022~10110162	10110359	-	0.3228366599	0.025974026	
AT1G30410	RI	1	10739326	10739689~10739823	10740001	+	-0.2402585923	0.0367132867	
AT1G34160	RI	1	12441244	12441574~12441681	12442828	+	-0.3128709204	0.038961039	
AT1G48380	RI	1	17878165	17878415~17878509	17878595	-	0.181593133	0.0444555445	
AT1G49180	RI	1	18184654	18184820~18184943	18185040	-	-0.3061269283	0.0214785215	
AT1G50460	RI	1	18696591	18696718~18696915	18696993	+	0.2276378792	0.002997003	
AT1G52290	RI	1	19470652	19470813~19470879	19471029	-	-0.0975721608	0.042957043	
AT1G54030	RI	1	20168777	20169029~20169100	20169684	+	-0.1463482667	0.00999001	
AT1G55500	RI	1	20722146	20722308~20722394	20722856	+	0.5372273517	0.031968032	
AT1G58807	RI	1	21781764	21783289~21783378	21784581	+	0.0655073731	0.027972028	
AT1G62250	RI	1	22995814	22995919~22996058	22996230	-	-0.113967474	0.012987013	
AT1G65270	RI	1	24244376	24244536~24244795	24245074	+	0.1306702061	0.0284715285	
AT1G69530	RI	1	26141836	26141919~26142009	26142166	+	-0.1270948024	0.0284715285	
AT1G69530	RI	1	26142745	26143034~26143109	26143496	+	-0.1819000174	0.0322177822	
AT1G72420	RI	1	27263135	27263199~27263643	27263828	-	-0.3959901378	0.030969031	
AT1G72640	RI	1	27346569	27346664~27346746	27346919	-	0.0565346624	0.0384615385	
AT1G75420	RI	1	28305218	28305371~28305542	28305706	+	0.1728115151	0.040959041	
AT1G76020	RI	1	28532969	28533071~28533292	28533624	-	-0.1688361509	0.042957043	
AT1G77930	RI	1	29302026	29302163~29302249	29302712	+	-0.1208848867	0.006993007	
AT1G78290	RI	1	29458790	29458920~29459268	29459493	-	-0.1278790916	0.0164835165	
AT2G02450	RI	2	649966	650395~650501	650820	+	0.1089032952	0.044955045	
AT2G04690	RI	2	1645914	1646031~1646155	1646443	+	-0.3295384823	0.013986014	
AT2G04690	RI	2	1645914	1646066~1646155	1646443	+	-0.3069972213	0.013986014	
AT2G05310	RI	2	1933166	1933535~1933848	1933917	-	-0.0293441875	0.040959041	
AT2G05440	RI	2	1993574	1993765~1993886	1994166	+	-0.4850761676	0.013986014	
AT2G06025	RI	2	2351395	2351548~2351672	2351748	+	-0.2392210055	0.003996004	
AT2G06510	RI	2	2585183	2585220~2585290	2585486	+	0.3333726626	0.0334665335	
AT2G16370	RI	2	7082240	7082470~7082545	7082710	-	-0.1135654793	0.042957043	
AT2G17800	RI	2	7739787	7740170~7740269	7740411	+	-0.0876320135	0.046953047	
AT2G19080	RI	2	8264134	8264194~8264305	8264449	+	-0.2110932433	0.0094905095	
AT2G21195	RI	2	9083144	9083261~9083339	9083392	+	-0.1842018596	0.006993007	
AT2G21370	RI	2	9137451	9137788~9138061	9138130	-	0.148189372	0.023976024	
AT2G21385_and_AT2G21390	RI	2	9149885	9149976~9150112	9150197	+	-0.2807941067	0.035964036	
AT2G22570	RI	2	9589797	9589982~9590081	9590214	-	-0.4511201153	0.003996004	
AT2G23980_and_AT2G23987	RI	2	10202598	10202911~10202981	10203193	-	-0.2687256973	0.014985015	
AT2G24270	RI	2	10327035	10327134~10327330	10327438	-	0.0658776736	0.017982018	
AT2G25670	RI	2	10930299	10930719~10930828	10931090	-	-0.1169959311	0.0034965035	
AT2G25740	RI	2	10980122	10980344~10980621	10980688	+	-0.4618883104	0.002997003	
AT2G33540	RI	2	14207914	14208049~14208175	14209192	-	-0.4069634929	0.000999001	
AT2G36680	RI	2	15369246	15369361~15369449	15369495	-	-0.4206063573	0.002997003	
AT2G36680	RI	2	15369246	15369366~15369449	15369495	-	-0.338709427	0.002997003	
AT2G37510	RI	2	15742980	15743353~15743429	15743497	-	-0.2411138154	0.043956044	
AT2G39730	RI	2	16570746	16571066~16571180	16571472	-	0.036848737	0.028971029	
AT2G39730	RI	2	16570746	16571066~16571191	16571472	-	-0.0397876018	0.028971029	
AT2G39890	RI	2	16655577	16655717~16655823	16656121	+	0.2118561381	0.0084915085	
AT2G41720	RI	2	17403645	17403808~17403905	17404025	-	-0.2278514462	0.008991009	
AT2G42190	RI	2	17582673	17582855~17582997	17583141	+	0.0790388624	0.0334665335	
AT2G42300	RI	2	17622309	17622378~17623441	17623509	+	-0.5947372591	0.047952048	
AT2G45830	RI	2	18865923	18866503~18866607	18867160	+	-0.6414262673	0.04995005	
AT2G46800	RI	2	19237293	19237582~19237969	19238032	+	-1	0	
AT2G47110	RI	2	19344635	19345236~19345289	19345345	+	-0.0553509611	0.0134865135	
AT2G48020	RI	2	19644021	19644237~19644377	19644575	+	0.1437597218	0.041958042	
AT3G01310	RI	3	101297	101356~101532	101660	-	-0.1901906867	0.0314685315	
AT3G02740	RI	3	590425	590808~591041	591167	+	-0.1210536113	0.047952048	
AT3G09600	RI	3	2947924	2947983~2948178	2948296	+	-0.1471367832	0.0344655345	
AT3G13000	RI	3	4160810	4160876~4160961	4161096	-	-0.1487869536	0.0424575425	
AT3G17100	RI	3	5831136	5831383~5831466	5832733	+	0.0701038935	0.0404595405	
AT3G18850	RI	3	6500287	6500398~6500933	6500978	-	0.235033238	0.03996004	
AT3G19460	RI	3	6747370	6747663~6747929	6748109	+	-0.9131888344	0.0412920413	
AT3G19460	RI	3	6748759	6748909~6748991	6749322	+	-0.400566273	0.0412920413	
AT3G19520	RI	3	6773716	6773802~6773907	6774538	+	0.521466295	0.005994006	
AT3G20070	RI	3	7006578	7006635~7006706	7006941	-	-0.3882786559	0.034965035	
AT3G23050	RI	3	8195564	8195817~8196075	8196210	+	0.0501510085	0.041958042	
AT3G23470_and_AT3G23480	RI	3	8420278	8420426~8420496	8420595	+	-0.3937319194	0.011988012	
AT3G23490	RI	3	8422649	8423018~8423203	8423291	-	-0.1346835328	0.017982018	
AT3G24530	RI	3	8947110	8947208~8947286	8947396	-	-0.21203655	0.0034965035	
AT3G24740	RI	3	9031847	9032064~9032377	9033475	+	-0.2150006628	0.026973027	
AT3G26690	RI	3	9805328	9805408~9805473	9805781	-	-0.2527426936	0.017982018	
AT3G27610	RI	3	10227329	10227389~10227481	10227700	-	-0.6537569272	0.04995005	
AT3G27770	RI	3	10287152	10287280~10287397	10287581	-	0.1495236216	0.004995005	
AT3G44665_and_AT3G44670	RI	3	16216806	16217057~16217237	16217410	+	-0.1505960355	0.0084915085	
AT3G49890	RI	3	18499998	18500068~18500153	18500368	+	-0.162535953	0.0454545455	
AT3G53970	RI	3	19986686	19986758~19986880	19986960	+	-0.1265240109	0.026973027	
AT3G54010	RI	3	20001229	20001313~20001384	20001453	+	-0.1536180053	0.0094905095	
AT3G54500	RI	3	20178714	20178804~20178941	20179070	-	-0.1261480804	0.003996004	
AT3G54760	RI	3	20269642	20270980~20271074	20272046	-	-0.0757290825	0.043956044	
AT3G57530	RI	3	21297148	21297375~21297470	21297637	-	-0.1184417707	0.0124875125	
AT3G59320	RI	3	21925941	21926135~21926248	21926305	-	-0.2295557923	0.0224775225	
AT3G61600	RI	3	22797128	22797937~22798054	22798324	+	0.0996209509	0.0254745255	
AT4G02120	RI	4	942474	942543~942610	942672	+	-0.16067246	0.0404595405	
AT4G03110	RI	4	1376306	1376760~1376856	1376999	-	0.0819402706	0.042957043	
AT4G04570	RI	4	2292081	2292219~2292433	2292950	+	-0.075206152	0.036963037	
AT4G09620	RI	4	6077774	6077845~6078897	6079151	-	-0.0928037074	0.04995005	
AT4G11840	RI	4	7124899	7125245~7125336	7126317	-	-0.1647026861	0.046953047	
AT4G16660	RI	4	9376699	9376834~9377179	9377986	+	0.0639834269	0.0354645355	
AT4G18740	RI	4	10303343	10303631~10303725	10303835	-	0.2271677039	0.008991009	
AT4G18740	RI	4	10303392	10303631~10303725	10303835	-	-0.3333333333	0.008991009	
AT4G19990	RI	4	10835321	10835371~10835476	10835700	+	0.465288323	0.03996004	
AT4G23270	RI	4	12173486	12173873~12173941	12174297	+	-0.3558046509	0.043956044	
AT4G24740	RI	4	12754946	12755048~12755142	12755239	-	-0.2206855421	0.013986014	
AT4G27900	RI	4	13890472	13890726~13890819	13890965	+	0.1740568531	0.011988012	
AT4G27960	RI	4	13917134	13917240~13917343	13917500	-	-0.0529474027	0.0254745255	
AT4G30310	RI	4	14832194	14832273~14832352	14832469	+	-0.1101845138	0.044955045	
AT4G30993_and_AT4G08425	RI	4	15099299	15099410~15099504	15099616	+	0.0611265106	0.042957043	
AT4G31150	RI	4	15144189	15144317~15144493	15144609	-	-0.2549060977	0.041958042	
AT4G31620	RI	4	15324077	15324502~15324578	15324720	-	-0.3180625605	0.0474525475	
AT4G32660	RI	4	15756993	15757019~15757112	15757265	+	-0.1375341403	0.020979021	
AT4G38420	RI	4	17983979	17984705~17984806	17984884	+	-0.1061474765	0.0474525475	
AT5G01410	RI	5	171889	172086~172561	173663	-	-0.0502683703	0.0194805195	
AT5G01670	RI	5	252448	252521~252603	252690	+	-0.1387711718	0.0414585415	
AT5G08580	RI	5	2780450	2780725~2780808	2780868	-	-0.1568150107	0.02997003	
AT5G09660	RI	5	2993810	2993904~2993978	2994067	-	-0.042327783	0.046953047	
AT5G10710	RI	5	3382100	3382197~3382327	3382508	+	-0.2983582874	0.021978022	
AT5G14200	RI	5	4577744	4577950~4578037	4578240	+	-0.0426054322	0.0374625375	
AT5G21930	RI	5	7248086	7248217~7248349	7248499	+	-0.0640021203	0.04995005	
AT5G22875	RI	5	7650582	7650681~7651266	7651389	+	-0.0808455695	0.0374625375	
AT5G25040	RI	5	8623372	8623620~8623706	8623970	+	-0.6982868003	0.026973027	
AT5G25630	RI	5	8947257	8947497~8947697	8948572	+	-0.1126417449	0.0034965035	
AT5G37850	RI	5	15065300	15065479~15065605	15065701	+	0.2302677105	0.000999001	
AT5G41340	RI	5	16539236	16539350~16539734	16539813	-	-0.0757907766	0.036963037	
AT5G45710	RI	5	18541503	18541791~18541885	18542863	+	-0.2899325997	0.025974026	
AT5G45920	RI	5	18624249	18624413~18624515	18625014	+	-0.5639057988	0.031968032	
AT5G49740	RI	5	20205921	20206368~20206450	20206705	-	-0.0451582267	0.0394605395	
AT5G50915	RI	5	20710103	20710590~20710725	20710838	-	-0.1037640814	0.046953047	
AT5G53760	RI	5	21822323	21822629~21822720	21822901	+	0.1928288576	0.0224775225	
AT5G56020	RI	5	22686096	22686300~22686398	22686466	+	-0.1930920018	0.0334665335	
AT5G56180	RI	5	22740074	22740141~22740256	22740326	-	-0.2740198275	0.038961039	
AT5G56850	RI	5	22985193	22985285~22985422	22985491	-	-0.0608120232	0.0464535465	
AT5G58190_and_AT5G58200	RI	5	23549882	23549903~23550032	23550143	+	-0.1171171398	0.020979021	
AT5G59970	RI	5	24145831	24146098~24146289	24146729	-	-0.1088498337	0.0064935065	
AT5G60410	RI	5	24300532	24300667~24300753	24300834	+	-0.2272962994	0.034965035	
AT5G60940	RI	5	24523578	24523687~24523780	24523849	+	-0.3127346889	0.0024975025	
AT5G62460	RI	5	25074782	25074838~25074918	25075045	+	0.1556294225	0.035964036	
AT5G63700	RI	5	25494357	25494407~25494578	25494637	-	-0.2810953055	0.001998002	
AT1G03830	SE	1	965736~965823	965888~965996	-	-0.3242384895	0.0204795205		
AT1G08110	SE	1	2535385~2535570	2535585~2535675	+	0.0950315163	0.018981019		
AT1G61010	SE	1	22474547~22474630	22474669~22474930	-	-0.2811986271	0.014985015		
AT1G66920	SE	1	24966530~24966623	24966646~24966724	-	-0.3089123944	0.038961039		
AT2G26150	SE	2	11136164~11136246	11136276~11136489	+	-0.3482039517	0.020979021		
AT2G30600	SE	2	13036915~13036996	13037284~13037382	+	0.2866991514	0.0404595405		
AT3G01150	SE	3	52364~52645	52746~52889	+	-0.1719973633	0.0264735265		
AT3G08720	SE	3	2650613~2650722	2650896~2651085	-	0.4062992943	0.047952048		
AT3G23280	SE	3	8323014~8323099	8323170~8323363	+	0.1220376502	0.031968032		
AT3G56580	SE	3	20961690~20962362	20962379~20962483	+	0.2340014685	0.046953047		
AT4G17310	SE	4	9685454~9685666	9685710~9685903	-	-0.8709242947	0.02997003		
AT4G17310	SE	4	9685454~9685903	9686024~9686498	-	0.7077186442	0.02997003		
AT4G20930	SE	4	11200416~11200523	11200611~11200923	-	0.1638871016	0.0464535465		
AT4G26650	SE	4	13445267~13445449	13445563~13445737	+	-0.1195836072	0.033966034		
AT4G39150	SE	4	18235749~18235831	18235898~18236023	-	-0.0796740711	0.047952048		
AT5G02560	SE	5	575649~575721	575792~576208	+	-0.2751361712	0.008991009		
AT5G13800	SE	5	4454150~4454310	4454360~4454512	-	-0.1513607984	0.02997003		
AT5G21930	SE	5	7245475~7245617	7245685~7245977	+	-0.1003217639	0.03996004		
AT5G44290	SE	5	17843307~17843433	17843493~17843577	-	-0.2048853722	0.023976024		
AT5G47430	SE	5	19240164~19240431	19240609~19240802	-	-0.2261898516	0.0374625375		
AT5G48880	SE	5	19816805~19816923	19817029~19817773	-	0.3087091101	0.000999001		
AT5G48880	SE	5	19816805~19816923	19817121~19817773	-	0.3611069734	0		
AT5G50430	SE	5	20535509~20535596	20535634~20535992	-	-0.2010098608	0.015984016		
AT5G53486	SE	5	21721888~21721957	21722013~21722229	+	-0.1886355427	0.044955045		
AT5G53850	SE	5	21863128~21863653	21863700~21864089	-	0.1802042444	0.014985015		
AT5G63460	SE	5	25414326~25414413	25414448~25414574	-	0.2133715025	0.012987013		
