ID	GeneID	geneSymbol	chr	strand	longExonStart_0base	longExonEnd	shortES	shortEE	flankingES	flankingEE	ID	IJC_SAMPLE_1	SJC_SAMPLE_1	IJC_SAMPLE_2	SJC_SAMPLE_2	IncFormLen	SkipFormLen	PValue	FDR	IncLevel1	IncLevel2	IncLevelDifference		
340	AT4G37680	NA	chr4	+	17701006	17701481	17701223	17701481	17700633	17700885	340	10,12,7,12,3,8	1,4,0,2,1,6	6,3,4,17,8,3	2,0,0,0,0,0	266	49	0.0000677568547054	0.0227082258769812	0.648,0.356,1.0,0.525,0.356,0.197	0.356,1.0,1.0,1.0,1.0,1.0	-0.379		
958	AT5G60170	NA	chr5	+	24229699	24229832	24229705	24229832	24229463	24229555	958	47,68,51,41,53,62	13,18,15,19,18,22	35,24,32,73,51,15	35,24,35,51,63,21	55	49	0.0000123912778344	0.00581398755990048	0.763,0.771,0.752,0.658,0.724,0.715	0.471,0.471,0.449,0.56,0.419,0.389	0.271		
1124	AT4G17310	NA	chr4	-	9685185	9685710	9685185	9685454	9686443	9686616	1124	48,69,55,43,70,49	3,13,9,9,9,6	60,67,56,109,76,32	2,1,1,5,1,1	305	49	0.0000189179133548	0.0073969041217268	0.72,0.46,0.495,0.434,0.555,0.567	0.828,0.915,0.9,0.778,0.924,0.837	-0.325		
1217	AT1G10590	NA	chr1	-	3502762	3503049	3502762	3503004	3503369	3503437	1217	9,13,7,8,18,10	49,56,63,39,68,50	9,10,6,13,16,7	6,1,5,3,7,1	94	49	5.17125126054E-08	0.000121317554572268	0.087,0.108,0.055,0.097,0.121,0.094	0.439,0.839,0.385,0.693,0.544,0.785	-0.52		
1762	AT4G03110	NA	chr4	-	1377076	1377410	1377076	1377407	1377507	1377687	1762	78,137,130,83,137,129	46,59,57,51,81,58	143,86,153,163,163,70	18,14,15,26,36,10	52	49	2.77972768137E-07	0.000326062057024701	0.615,0.686,0.682,0.605,0.614,0.677	0.882,0.853,0.906,0.855,0.81,0.868	-0.216		
1886	AT3G27260	NA	chr3	+	10070618	10070726	10070645	10070726	10070299	10070372	1886	44,77,40,44,96,39	59,104,88,67,123,97	74,76,85,152,115,51	61,30,61,65,82,10	76	49	0.000190259087226	0.049594202070244	0.325,0.323,0.227,0.297,0.335,0.206	0.439,0.62,0.473,0.601,0.475,0.767	-0.277		
2277	AT2G32700	NA	chr2	+	13870116	13870261	13870122	13870261	13869710	13869938	2277	1.36215168114225E+017	1.41177177130171E+017	75,52,75,88,66,37	186,98,140,212,211,70	55	49	6.23082149753E-06	0.00365437680830134	0.462,0.52,0.458,0.439,0.54,0.465	0.264,0.321,0.323,0.27,0.218,0.32	0.195		
2402	AT4G30560	NA	chr4	-	14928876	14929484	14928876	14929465	14929613	14929717	2402	14,16,5,2,19,20	12,13,9,21,13,14	14,3,6,11,12,9	1,2,0,1,3,1	68	49	3.33319306078E-06	0.00260655697352996	0.457,0.47,0.286,0.064,0.513,0.507	0.91,0.519,1.0,0.888,0.742,0.866	-0.438		
2427	AT2G47640	NA	chr2	+	19537859	19537937	19537862	19537937	19537504	19537529	2427	52,80,86,56,69,61	85,129,120,93,150,111	93,60,96,97,156,39	62,44,63,73,127,37	52	49	0.0000946507344814	0.0277563278866705	0.366,0.369,0.403,0.362,0.302,0.341	0.586,0.562,0.589,0.556,0.536,0.498	-0.197		
ID	GeneID	geneSymbol	chr	strand	longExonStart_0base	longExonEnd	shortES	shortEE	flankingES	flankingEE	ID	IJC_SAMPLE_1	SJC_SAMPLE_1	IJC_SAMPLE_2	SJC_SAMPLE_2	IncFormLen	SkipFormLen	PValue	FDR	IncLevel1	IncLevel2	IncLevelDifference		
66	AT5G44750	NA	chr5	+	18056513	18056585	18056513	18056573	18056667	18056754	66	22,35,30,22,50,26	10,22,4,8,8,4	17,13,11,32,28,8	22,20,18,16,29,10	61	49	0.000473119214627	0.0108750782855108	0.639,0.561,0.858,0.688,0.834,0.839	0.383,0.343,0.329,0.616,0.437,0.391	0.32		
68	AT5G44290	NA	chr5	-	17843414	17843806	17843432	17843806	17842764	17843307	68	37,62,26,27,58,48	67,91,77,50,95,64	8,4,5,10,10,6	67,64,65,87,101,44	67	49	3.46015560648E-09	1.88232464992512E-07	0.288,0.333,0.198,0.283,0.309,0.354	0.08,0.044,0.053,0.078,0.068,0.091	0.225		
73	AT5G41690	NA	chr5	-	16674167	16674493	16674361	16674493	16674001	16674075	73	10,33,21,27,20,8	2,13,1,1,7,7	11,15,14,13,13,11	1,0,1,0,1,1	243	49	5.49613665513E-06	0.000172494135022542	0.502,0.339,0.809,0.845,0.366,0.187	0.689,1.0,0.738,1.0,0.724,0.689	-0.299		
119	AT5G18820	NA	chr5	+	6271953	6272091	6271953	6272075	6272195	6272403	119	4,2,8,9,6,2	10,16,25,12,18,12	8,9,6,12,5,4	1,7,1,4,2,3	65	49	9.46104948407E-06	0.000291328919962306	0.232,0.086,0.194,0.361,0.201,0.112	0.858,0.492,0.819,0.693,0.653,0.501	-0.472		
142	AT5G11630	NA	chr5	+	3740758	3740942	3740758	3740877	3741503	3741827	142	72,123,121,52,93,65	10,4,11,7,12,13	47,19,34,36,47,18	28,21,30,29,51,12	114	49	2.22044604925E-16	2.58840568026857E-14	0.756,0.93,0.825,0.762,0.769,0.682	0.419,0.28,0.328,0.348,0.284,0.392	0.445		
155	AT5G37690	NA	chr5	-	14975877	14976229	14975901	14976229	14975446	14975574	155	107,152,100,71,156,151	31,34,32,25,52,57	26,11,28,29,43,17	23,18,31,25,46,10	73	49	0.0000177117086219	0.000507114183700716	0.699,0.75,0.677,0.656,0.668,0.64	0.431,0.291,0.377,0.438,0.386,0.533	0.272		
177	AT5G01660	NA	chr5	-	248875	249207	248979	249207	248324	248443	177	1,4,4,2,0,1	2,0,2,1,2,0	7,3,6,12,15,6	1,0,0,0,1,0	153	49	0.00142542409767	0.0283694161877737	0.138,1.0,0.39,0.39,0.0,1.0	0.692,1.0,1.0,1.0,0.828,1.0	-0.434		
193	AT4G38380	NA	chr4	-	17974504	17974799	17974518	17974799	17974276	17974419	193	8,5,4,10,20,2	11,6,16,19,20,20	18,9,12,9,14,1	4,0,6,0,1,1	63	49	2.30672620005E-07	8.55585717836727E-06	0.361,0.393,0.163,0.29,0.438,0.072	0.778,1.0,0.609,1.0,0.916,0.438	-0.504		
212	AT5G37850	NA	chr5	+	15065299	15065512	15065299	15065479	15065604	15065701	212	1.81284204198288E+017	1.13184135121202E+017	60,65,59,103,134,30	185,153,148,257,311,88	82	49	0	0	0.489,0.48,0.475,0.494,0.46,0.44	0.162,0.202,0.192,0.193,0.205,0.169	0.286		
213	AT4G35110	NA	chr4	-	16714134	16714791	16714202	16714791	16713863	16714009	213	4,6,3,1,5,6	0,3,0,0,0,0	3,0,6,3,1,2	2,2,2,3,2,1	117	49	2.09726989109E-08	9.25066070880779E-07	1.0,0.456,1.0,1.0,1.0,1.0	0.386,0.0,0.557,0.295,0.173,0.456	0.598		
219	AT4G34265	NA	chr4	+	16402616	16402780	16402616	16402735	16403454	16403823	219	41,44,39,31,32,53	112,79,85,71,101,128	4,5,3,11,18,2	95,90,70,143,142,31	94	49	0.00115110939563	0.0240847504316431	0.16,0.225,0.193,0.185,0.142,0.178	0.021,0.028,0.022,0.039,0.062,0.033	0.146		
228	AT4G32900	NA	chr4	-	15879537	15879623	15879545	15879623	15879345	15879418	228	29,66,73,43,53,39	61,115,90,53,117,64	72,71,62,73,94,33	60,33,34,48,63,16	57	49	0.0000389041906466	0.00100780379579764	0.29,0.33,0.411,0.411,0.28,0.344	0.508,0.649,0.611,0.567,0.562,0.639	-0.245		
354	AT4G09980	NA	chr4	-	6249104	6249224	6249115	6249224	6248510	6248662	354	2,5,1,7,4,3	27,55,44,53,36,50	14,16,10,32,15,5	26,27,15,44,24,9	60	49	7.89683507474E-09	3.68218138342162E-07	0.057,0.069,0.018,0.097,0.083,0.047	0.305,0.326,0.353,0.373,0.338,0.312	-0.273		
396	AT4G40050	NA	chr4	-	18561988	18562084	18561992	18562084	18561698	18561884	396	30,64,62,61,68,53	35,60,85,59,90,81	64,66,60,80,98,26	16,22,12,14,14,10	53	49	2.44249065418E-15	2.65742983174784E-13	0.442,0.497,0.403,0.489,0.411,0.377	0.787,0.735,0.822,0.841,0.866,0.706	-0.356		
400	AT3G63480	NA	chr3	-	23442677	23442771	23442689	23442771	23442559	23442601	400	0,0,0,0,2,1	1,8,4,1,7,2	2,4,6,9,7,1	4,2,5,8,9,2	61	49	1.86129168966E-07	7.06425125005842E-06	0.0,0.0,0.0,0.0,0.187,0.287	0.287,0.616,0.491,0.475,0.385,0.287	-0.345		
401	AT3G63460	NA	chr3	-	23434943	23434986	23434949	23434986	23434703	23434825	401	2.22271248189255E+017	26,21,24,28,29,26	69,86,95,140,114,49	72,104,98,206,156,50	55	49	0	0	0.884,0.92,0.902,0.857,0.887,0.882	0.461,0.424,0.463,0.377,0.394,0.466	0.458		
402	AT3G63340	NA	chr3	-	23392347	23392402	23392378	23392402	23392165	23392246	402	1.01139134103148E+017	3,3,5,2,10,3	41,20,41,52,44,21	18,5,10,10,21,4	80	49	2.69451367441E-07	9.55966590573287E-06	0.954,0.966,0.943,0.969,0.901,0.968	0.582,0.71,0.715,0.761,0.562,0.763	0.268		
441	AT3G54500	NA	chr3	-	20178157	20178491	20178160	20178491	20177934	20178064	441	81,167,116,83,147,102	46,93,58,28,52,46	2.04218193276352E+017	2.87278292382428E+017	52	49	5.3411830514E-11	3.96218669994764E-09	0.624,0.629,0.653,0.736,0.727,0.676	0.401,0.425,0.384,0.405,0.437,0.418	0.263		
487	AT1G59890	NA	chr1	+	22046138	22046241	22046138	22046226	22046501	22046719	487	38,41,41,20,41,23	11,9,13,15,11,8	11,5,13,18,21,8	9,11,13,27,21,6	64	49	0.000976970306862	0.0209791518526156	0.726,0.777,0.707,0.505,0.741,0.688	0.483,0.258,0.434,0.338,0.434,0.505	0.282		
498	AT4G24230	NA	chr4	-	12567237	12567362	12567250	12567362	12566943	12567132	498	49,74,69,59,100,70	63,79,60,67,90,51	50,16,29,34,47,17	120,73,87,94,151,66	62	49	9.6712557629E-08	3.75797366786971E-06	0.381,0.425,0.476,0.41,0.468,0.52	0.248,0.148,0.209,0.222,0.197,0.169	0.248		
500	AT5G35330	NA	chr5	-	13525620	13525834	13525641	13525834	13524824	13525279	500	41,59,35,42,62,76	29,43,52,27,50,44	26,14,23,13,27,13	42,36,56,70,92,32	70	49	4.11266899059E-06	0.000134237515852858	0.497,0.49,0.32,0.521,0.465,0.547	0.302,0.214,0.223,0.115,0.17,0.221	0.266		
509	AT2G03810	NA	chr2	+	1161669	1161729	1161669	1161724	1162632	1162712	509	4,4,3,4,10,3	4,10,6,5,14,9	13,8,10,6,21,10	4,1,2,1,12,4	54	49	0.000110495624713	0.00269147551539725	0.476,0.266,0.312,0.421,0.393,0.232	0.747,0.879,0.819,0.845,0.614,0.694	-0.416		
519	AT2G02080	NA	chr2	-	520976	521205	520980	521205	520263	520660	519	4,6,6,12,8,7	1.14151134123118E+017	49,36,65,62,70,33	33,41,39,68,64,21	53	49	0	0	0.031,0.035,0.04,0.083,0.059,0.037	0.579,0.448,0.606,0.457,0.503,0.592	-0.483		
546	AT1G79190	NA	chr1	+	29791575	29792228	29791575	29792210	29792308	29792467	546	3,6,8,6,6,4	25,30,26,9,23,9	26,19,16,16,33,7	2,1,2,3,4,1	67	49	0	0	0.081,0.128,0.184,0.328,0.16,0.245	0.905,0.933,0.854,0.796,0.858,0.837	-0.676		
551	AT1G78690	NA	chr1	+	29596982	29597235	29596982	29597210	29597315	29597446	551	2,12,6,3,6,7	23,24,22,15,21,19	14,16,7,10,19,3	9,5,4,16,14,4	74	49	0.00073260306011	0.0163781944397195	0.054,0.249,0.153,0.117,0.159,0.196	0.507,0.679,0.537,0.293,0.473,0.332	-0.316		
560	AT1G79270	NA	chr1	+	29815505	29816515	29815505	29816510	29816606	29816677	560	4,4,5,5,7,16	8,19,8,3,6,2	10,5,8,14,19,4	0,0,0,0,0,0	54	49	1.06626425467E-08	4.83373128783733E-07	0.312,0.16,0.362,0.602,0.514,0.879	1.0,1.0,1.0,1.0,1.0,1.0	-0.528		
571	AT1G72740	NA	chr1	-	27381146	27381248	27381164	27381248	27380621	27380901	571	32,67,50,44,83,72	80,76,65,52,87,66	26,11,19,40,19,8	76,63,65,88,138,29	67	49	0.000471852581601	0.0108750782855108	0.226,0.392,0.36,0.382,0.411,0.444	0.2,0.113,0.176,0.249,0.091,0.168	0.203		
588	AT2G15530	NA	chr2	+	6773916	6773992	6773916	6773964	6774083	6775826	588	16,11,13,5,15,18	11,15,10,16,13,13	1,4,3,5,3,0	10,12,10,21,8,2	77	49	0.00262883613087	0.0487529609724982	0.481,0.318,0.453,0.166,0.423,0.468	0.06,0.175,0.16,0.132,0.193,0.0	0.265		
592	AT1G68140	NA	chr1	-	25540793	25541741	25541435	25541741	25538944	25540430	592	31,57,48,49,69,69	2,2,1,2,4,7	32,31,55,75,49,31	0,0,0,0,0,0	691	49	4.77937715626E-06	0.00015294006900032	0.524,0.669,0.773,0.635,0.55,0.411	1.0,1.0,1.0,1.0,1.0,1.0	-0.406		
660	AT2G44280	NA	chr2	-	18304070	18304627	18304129	18304627	18303751	18303985	660	8,5,15,6,8,10	0,0,2,0,3,0	4,1,8,13,12,4	3,1,5,5,2,1	108	49	0.0000286595466256	0.000792752204965749	1.0,1.0,0.773,1.0,0.547,1.0	0.377,0.312,0.421,0.541,0.731,0.645	0.382		
664	AT2G04690	NA	chr2	+	1645913	1646066	1645913	1646031	1646154	1646443	664	2.11363336266442E+017	1.28195172159291E+017	4.70276331539553E+017	116,88,93,106,132,42	84	49	6.78259616249E-08	2.69980413102041E-06	0.49,0.521,0.533,0.494,0.47,0.483	0.703,0.647,0.675,0.748,0.71,0.764	-0.209		
670	AT5G02080	NA	chr5	+	410161	410615	410161	410413	410720	410780	670	14,21,13,11,14,18	1,3,4,3,8,0	8,5,12,11,21,2	0,1,0,1,2,0	251	49	0.0000323538896756	0.000851637870170632	0.732,0.577,0.388,0.417,0.255,1.0	1.0,0.494,1.0,0.682,0.672,1.0	-0.246		
674	AT1G73390	NA	chr1	-	27594494	27594551	27594498	27594551	27593901	27594166	674	23,19,21,9,20,30	9,18,10,3,6,21	8,4,5,11,11,2	18,3,10,26,20,3	53	49	0.00130991266238	0.026722218312552	0.703,0.494,0.66,0.735,0.755,0.569	0.291,0.552,0.316,0.281,0.337,0.381	0.293		
727	AT1G49980	NA	chr1	+	18511848	18511993	18511848	18511962	18512089	18512512	727	11,13,7,10,27,15	24,29,22,14,22,32	36,24,19,42,37,14	12,2,9,11,8,4	80	49	5.75877068254E-09	2.9369730480954E-07	0.219,0.215,0.163,0.304,0.429,0.223	0.648,0.88,0.564,0.7,0.739,0.682	-0.443		
728	AT1G49980	NA	chr1	+	18511848	18511998	18511848	18511962	18512089	18512512	728	10,15,4,11,26,11	24,29,22,14,22,32	31,23,18,43,33,13	12,2,9,11,8,4	85	49	2.61955293013E-08	1.12502904788741E-06	0.194,0.23,0.095,0.312,0.405,0.165	0.598,0.869,0.536,0.693,0.704,0.652	-0.442		
747	AT1G67700	NA	chr1	+	25375569	25375726	25375569	25375712	25375803	25376050	747	4.03690486377603E+017	3.19477349303444E+017	885,562,718,812,1008,311	165,115,135,178,197,70	63	49	0	0	0.496,0.529,0.52,0.492,0.514,0.519	0.807,0.792,0.805,0.78,0.799,0.776	-0.281		
752	AT1G03310	NA	chr1	+	813412	813604	813412	813581	813928	816812	752	17,11,22,19,21,16	5,16,5,13,12,15	29,20,29,41,27,16	0,0,0,0,0,0	72	49	7.31636973228E-14	7.0237149429888E-12	0.698,0.319,0.75,0.499,0.544,0.421	1.0,1.0,1.0,1.0,1.0,1.0	-0.462		
763	AT1G15490	NA	chr1	-	5323152	5323895	5323157	5323895	5322652	5322960	763	5,11,8,11,21,7	10,18,13,6,5,18	18,15,12,8,19,5	0,1,0,2,2,1	54	49	1.79663450783E-09	1.01107155750985E-07	0.312,0.357,0.358,0.625,0.792,0.261	1.0,0.932,1.0,0.784,0.896,0.819	-0.454		
831	AT5G15070	NA	chr5	+	4876827	4876984	4876827	4876966	4877138	4877198	831	0,4,1,0,0,0	5,6,1,2,2,5	4,3,4,6,11,3	0,1,4,2,1,0	67	49	5.17616949303E-10	3.1287068935648E-08	0.0,0.328,0.422,0.0,0.0,0.0	1.0,0.687,0.422,0.687,0.889,1.0	-0.656		
849	AT3G19460	NA	chr3	+	6748758	6748909	6748758	6748904	6748990	6749307	849	20,42,29,17,46,33	33,66,50,55,70,41	6,2,0,2,9,0	43,43,42,84,87,22	54	49	2.47801779096E-13	2.2467361304704E-11	0.355,0.366,0.345,0.219,0.374,0.422	0.112,0.04,0.0,0.021,0.086,0.0	0.304		
860	AT3G01310	NA	chr3	-	101513	101660	101531	101660	101296	101356	860	8.81651091131571E+016	2.6638230629543E+017	169,151,173,201,287,46	128,99,107,148,195,65	67	49	2.08836281601E-11	1.62295624558491E-09	0.195,0.24,0.207,0.219,0.211,0.222	0.491,0.527,0.542,0.498,0.518,0.341	-0.27		
877	AT2G01420	NA	chr2	-	182004	183764	182016	183764	181579	181847	877	1.03145113106144E+017	47,84,82,53,84,100	181,141,132,175,214,87	27,12,12,9,15,9	61	49	0	0	0.638,0.581,0.525,0.616,0.579,0.536	0.843,0.904,0.898,0.94,0.92,0.886	-0.319		
880	AT2G27730	NA	chr2	-	11821606	11822025	11821651	11822025	11820768	11820884	880	9,15,11,2,15,7	24,22,11,14,22,16	20,18,30,9,24,6	4,0,3,5,10,7	94	49	0.0000852568677313	0.0021406032021151	0.164,0.262,0.343,0.069,0.262,0.186	0.723,1.0,0.839,0.484,0.556,0.309	-0.438		
892	AT3G57050	NA	chr3	-	21114161	21114330	21114206	21114330	21113943	21114059	892	4.10643513528657E+017	26,35,42,29,33,34	3.36217304514481E+017	49,30,78,99,75,35	94	49	0.000376130342955	0.00902712823092	0.892,0.905,0.864,0.905,0.912,0.916	0.781,0.79,0.67,0.73,0.77,0.694	0.16		
896	AT1G54310	NA	chr1	+	20274312	20274561	20274312	20274535	20274641	20274828	896	27,42,23,29,29,42	12,18,13,17,15,20	23,31,27,37,51,14	4,4,4,10,6,2	75	49	0.00186077923056	0.035726961226752	0.595,0.604,0.536,0.527,0.558,0.578	0.79,0.835,0.815,0.707,0.847,0.821	-0.236		
945	AT3G07300	NA	chr3	-	2326718	2327012	2326724	2327012	2326090	2326220	945	30,86,58,62,54,50	92,155,131,92,103,125	119,72,76,102,116,22	47,46,38,65,43,20	55	49	1.72919900621E-10	1.1758553242228E-08	0.225,0.331,0.283,0.375,0.318,0.263	0.693,0.582,0.641,0.583,0.706,0.495	-0.317		
955	AT1G01020	NA	chr1	-	8570	9130	8593	9130	8235	8464	955	1.27196143102188E+017	32,48,19,17,43,36	59,62,60,82,83,22	82,40,45,89,72,20	72	49	1.72939440546E-12	1.48545877353196E-10	0.73,0.735,0.837,0.803,0.748,0.704	0.329,0.513,0.476,0.385,0.44,0.428	0.331		
956	AT4G11970	NA	chr4	+	7182945	7183006	7182945	7183002	7183224	7183277	956	12,27,16,19,24,10	8,15,15,11,11,23	17,12,10,22,17,18	0,2,2,2,0,1	53	49	4.08572531363E-09	2.15093668124005E-07	0.581,0.625,0.497,0.615,0.669,0.287	1.0,0.847,0.822,0.91,1.0,0.943	-0.375		
962	AT1G05950	NA	chr1	-	1804951	1805106	1804962	1805106	1804815	1804882	962	11,6,10,8,6,9	1,0,3,1,4,0	5,4,13,10,12,0	11,6,2,6,7,4	60	49	0.00190663703987	0.036181763361254	0.9,1.0,0.731,0.867,0.551,1.0	0.271,0.353,0.841,0.576,0.583,0.0	0.404		
972	AT2G43490	NA	chr2	-	18058044	18058198	18058056	18058198	18057838	18057937	972	37,67,24,43,49,47	4,9,6,7,14,8	14,5,14,18,8,12	26,14,28,27,17,4	61	49	6.23427065527E-09	3.08313021496989E-07	0.881,0.857,0.763,0.831,0.738,0.825	0.302,0.223,0.287,0.349,0.274,0.707	0.459		
1054	AT2G13370	NA	chr2	-	5555798	5556560	5556204	5556560	5554798	5555626	1054	40,37,41,44,68,44	19,30,25,42,31,40	51,59,77,149,124,46	7,15,13,26,30,7	455	49	0.0000545985239192	0.0013922623599396	0.185,0.117,0.15,0.101,0.191,0.106	0.44,0.298,0.389,0.382,0.308,0.414	-0.23		
1070	AT2G39730	NA	chr2	-	16571179	16571472	16571190	16571472	16570745	16571066	1070	6090,10476,6785,5565,7424,6920	6012,10087,6463,5527,6832,6852	16532,11197,13263,16202,18653,6617	5151,3687,4274,5315,6715,2062	60	49	0	0	0.453,0.459,0.462,0.451,0.47,0.452	0.724,0.713,0.717,0.713,0.694,0.724	-0.256		
1071	AT1G77890	NA	chr1	+	29293206	29293278	29293206	29293272	29293400	29293478	1071	22,59,30,33,26,28	3,0,1,2,1,3	15,5,5,6,9,7	10,5,10,9,22,4	55	49	4.92939022934E-14	5.0279780339268E-12	0.867,1.0,0.964,0.936,0.959,0.893	0.572,0.471,0.308,0.373,0.267,0.609	0.503		
1090	AT1G13460	NA	chr1	+	4615766	4616059	4615766	4615978	4616427	4617667	1090	44,68,52,37,59,48	30,37,38,19,45,40	22,5,6,18,29,1	28,27,27,54,35,19	130	49	0.0000302560134904	0.00082296356693888	0.356,0.409,0.34,0.423,0.331,0.311	0.228,0.065,0.077,0.112,0.238,0.019	0.238		
1097	AT1G18950	NA	chr1	+	6550477	6550681	6550477	6550669	6550762	6552108	1097	21,32,26,24,40,33	37,50,32,24,62,48	60,46,48,87,100,32	4,4,6,7,11,3	61	49	0	0	0.313,0.34,0.395,0.445,0.341,0.356	0.923,0.902,0.865,0.909,0.88,0.895	-0.531		
1098	AT1G18950	NA	chr1	+	6550477	6550681	6550477	6550669	6550768	6551919	1098	4,4,3,4,6,2	14,27,30,17,21,25	12,6,7,14,8,7	6,2,2,1,4,6	61	49	1.10373044038E-10	7.83168729869635E-09	0.187,0.106,0.074,0.159,0.187,0.06	0.616,0.707,0.738,0.918,0.616,0.484	-0.551		
1111	AT4G15090	NA	chr4	+	8614066	8614486	8614066	8614449	8614692	8616929	1111	8,4,3,4,3,10	0,8,1,3,8,4	2,3,3,9,2,2	1,0,0,0,3,1	86	49	0.00161079912641	0.0316725804132665	1.0,0.222,0.631,0.432,0.176,0.588	0.533,1.0,1.0,1.0,0.275,0.533	-0.215		
1131	AT1G16780	NA	chr1	-	5744111	5744213	5744138	5744213	5743470	5743829	1131	44,44,46,32,42,43	0,3,0,1,0,0	15,16,12,29,24,9	10,13,4,18,16,5	76	49	0	0	1.0,0.904,1.0,0.954,1.0,1.0	0.492,0.442,0.659,0.51,0.492,0.537	0.454		
1145	AT4G38270	NA	chr4	+	17939038	17939176	17939038	17939168	17939445	17939582	1145	12,12,6,11,17,14	7,12,19,9,14,16	21,10,22,28,13,10	6,2,0,3,14,2	57	49	0.000912353562578	0.0198528135216973	0.596,0.462,0.214,0.512,0.511,0.429	0.751,0.811,1.0,0.889,0.444,0.811	-0.33		
1152	AT1G06710	NA	chr1	-	2056632	2057043	2056650	2057043	2056233	2056329	1152	7,7,10,6,10,7	0,0,1,0,1,2	5,2,1,3,4,1	4,12,4,3,6,1	67	49	3.7645442319E-12	3.0718680932304E-10	1.0,1.0,0.88,1.0,0.88,0.719	0.478,0.109,0.155,0.422,0.328,0.422	0.594		
1171	AT4G17150	NA	chr4	+	9638738	9638824	9638738	9638820	9638925	9639029	1171	13,20,10,16,18,13	73,106,74,56,98,55	42,15,25,32,32,18	46,30,38,44,55,30	53	49	0.0000212804765766	0.000598788582293297	0.141,0.149,0.111,0.209,0.145,0.179	0.458,0.316,0.378,0.402,0.35,0.357	-0.221		
1230	AT4G17570	NA	chr4	-	9785983	9786364	9785995	9786364	9785503	9785903	1230	20,21,17,14,30,24	13,24,28,29,21,36	27,16,43,58,41,20	5,1,1,9,0,0	61	49	1.11022302463E-16	1.39375690476628E-14	0.553,0.413,0.328,0.279,0.534,0.349	0.813,0.928,0.972,0.838,1.0,1.0	-0.516		
1233	AT1G23080	NA	chr1	-	8182205	8183650	8182217	8183650	8181857	8182128	1233	135,136,175,89,156,147	1.89253222195204E+017	2.51202240334285E+017	37,30,32,52,69,12	61	49	0	0	0.365,0.302,0.388,0.268,0.381,0.317	0.845,0.844,0.858,0.838,0.768,0.89	-0.504		
1234	AT1G05230	NA	chr1	-	1513824	1513920	1513830	1513920	1513373	1513744	1234	51,91,45,38,83,39	11,16,10,10,5,3	53,39,16,23,38,4	56,21,34,31,39,16	55	49	8.68691341083E-10	5.06322953088377E-08	0.805,0.835,0.8,0.772,0.937,0.921	0.457,0.623,0.295,0.398,0.465,0.182	0.442		
1264	AT1G27630	NA	chr1	+	9611548	9612429	9611548	9611876	9612589	9612671	1264	801,1394,1077,930,1172,861	40,58,66,45,59,72	1531,1391,1381,2253,2172,788	37,29,38,38,38,12	602	49	0.0000320801751627	0.000851637870170632	0.62,0.662,0.57,0.627,0.618,0.493	0.771,0.796,0.747,0.828,0.823,0.842	-0.203		
1269	AT1G28520	NA	chr1	+	10029149	10029435	10029149	10029267	10029673	10029943	1269	27,43,36,29,44,44	75,63,93,56,77,93	91,89,94,185,188,59	59,28,48,60,90,27	217	49	2.96814017808E-10	1.86307875793329E-08	0.075,0.134,0.08,0.105,0.114,0.097	0.258,0.418,0.307,0.41,0.321,0.33	-0.24		
1383	AT1G80270	NA	chr1	+	30180906	30181077	30180906	30181053	30181231	30181293	1383	9,13,17,7,16,18	1,10,15,4,12,10	22,6,21,31,42,8	2,2,5,4,3,2	73	49	0.00215004912709	0.0403319560392055	0.858,0.466,0.432,0.54,0.472,0.547	0.881,0.668,0.738,0.839,0.904,0.729	-0.241		
1426	AT2G03140	NA	chr2	+	949989	950231	949989	950208	950308	950717	1426	17,22,13,6,11,13	2,9,5,1,7,6	17,18,11,20,21,9	0,0,2,1,0,0	72	49	0.0000109415203966	0.000324664750677295	0.853,0.625,0.639,0.803,0.517,0.596	1.0,1.0,0.789,0.932,1.0,1.0	-0.281		
1427	AT2G16930	NA	chr2	+	7341077	7341247	7341077	7341210	7341488	7341588	1427	48,57,65,40,63,50	3.43495462383577E+017	168,118,168,217,260,56	2.30152186235329E+017	86	49	0	0	0.074,0.062,0.074,0.056,0.059,0.055	0.294,0.307,0.34,0.345,0.31,0.235	-0.242		
1475	AT2G23140	NA	chr2	-	9848939	9849379	9849103	9849379	9848501	9848769	1475	65,70,53,32,84,72	25,24,28,18,41,25	8,6,13,21,18,5	13,12,23,28,38,7	213	49	3.95126560859E-06	0.00013160133618814	0.374,0.402,0.303,0.29,0.32,0.399	0.124,0.103,0.115,0.147,0.098,0.141	0.227		
1552	AT2G32320	NA	chr2	+	13729098	13729242	13729098	13729206	13729566	13729823	1552	6,14,7,8,15,11	28,45,54,42,71,66	23,17,18,34,46,17	22,12,10,35,37,12	85	49	1.85583770573E-10	1.21149085430054E-08	0.11,0.152,0.07,0.099,0.109,0.088	0.376,0.45,0.509,0.359,0.417,0.45	-0.322		
1556	AT3G04020	NA	chr3	+	1040873	1040998	1040873	1040958	1041064	1041151	1556	1,4,2,2,2,2	10,26,12,18,15,11	3,11,10,12,7,1	6,6,6,8,6,1	89	49	9.90478830121E-06	0.000299344713103236	0.052,0.078,0.084,0.058,0.068,0.091	0.216,0.502,0.479,0.452,0.391,0.355	-0.327		
1573	AT3G05160	NA	chr3	-	1456698	1457295	1456883	1457295	1456533	1456596	1573	8,16,9,9,32,24	54,76,66,34,87,57	64,41,58,71,72,38	48,42,57,39,46,13	234	49	0.000102622159328	0.00253756612156509	0.03,0.042,0.028,0.053,0.072,0.081	0.218,0.17,0.176,0.276,0.247,0.38	-0.194		
1577	AT2G35140	NA	chr2	+	14813390	14813686	14813390	14813489	14813974	14814289	1577	0,4,8,5,2,1	2,3,1,0,3,2	3,3,1,11,8,2	0,0,0,0,1,1	246	49	5.8730073027E-08	2.3961869795016E-06	0.0,0.21,0.614,1.0,0.117,0.091	1.0,1.0,1.0,1.0,0.614,0.285	-0.478		
1581	AT2G35550	NA	chr2	+	14929242	14929448	14929242	14929401	14929889	14930898	1581	1,5,2,5,3,5	2,1,2,0,5,4	2,3,5,13,8,9	0,6,0,0,0,1	96	49	0.000461163546803	0.0108750782855108	0.203,0.718,0.338,1.0,0.234,0.39	1.0,0.203,1.0,1.0,1.0,0.821	-0.357		
1582	AT2G35550	NA	chr2	+	14929242	14929477	14929242	14929401	14929889	14930898	1582	5,9,6,2,3,6	2,1,2,0,5,4	1,7,18,27,13,5	0,6,0,0,0,1	125	49	0.000657507493552	0.0149035031871787	0.495,0.779,0.54,1.0,0.19,0.37	1.0,0.314,1.0,1.0,1.0,0.662	-0.267		
1608	AT2G38280	NA	chr2	-	16033726	16033835	16033741	16033835	16033291	16033654	1608	56,77,97,73,104,66	97,113,88,100,126,113	107,90,113,175,144,44	58,43,44,88,83,19	64	49	2.61894155806E-07	9.49802805056427E-06	0.307,0.343,0.458,0.359,0.387,0.309	0.585,0.616,0.663,0.604,0.571,0.639	-0.252		
1679	AT2G46270	NA	chr2	+	19002054	19002230	19002054	19002161	19002321	19002399	1679	1.07169175146211E+017	23,28,23,30,37,31	176,127,126,180,181,73	5,3,7,8,6,2	118	49	3.09201431237E-07	1.0512848662058E-05	0.659,0.715,0.76,0.669,0.703,0.718	0.936,0.946,0.882,0.903,0.926,0.938	-0.218		
1705	AT1G78910	NA	chr1	+	29665165	29665602	29665165	29665589	29665763	29665835	1705	15,15,26,15,20,19	6,8,17,17,5,8	14,7,9,26,7,7	0,0,0,0,5,0	62	49	3.08052197306E-07	1.0512848662058E-05	0.664,0.597,0.547,0.411,0.76,0.652	1.0,1.0,1.0,1.0,0.525,1.0	-0.316		
1725	AT1G63150	NA	chr1	+	23419293	23421321	23419293	23421305	23421456	23421714	1725	12,19,11,20,15,26	6,2,4,1,9,4	6,5,4,2,3,2	11,6,4,10,15,0	65	49	0.00139268973082	0.0280601190209659	0.601,0.877,0.675,0.938,0.557,0.831	0.291,0.386,0.43,0.131,0.131,1.0	0.352		
1735	AT3G05380	NA	chr3	+	1539581	1539763	1539581	1539728	1540549	1540660	1735	18,24,21,17,26,24	12,14,9,7,9,7	8,2,7,6,9,3	16,19,10,24,23,7	84	49	3.05715034399E-08	1.27929983625428E-06	0.467,0.5,0.576,0.586,0.628,0.667	0.226,0.058,0.29,0.127,0.186,0.2	0.39		
1757	AT5G65050	NA	chr5	+	25982253	25984738	25982253	25982599	25984940	25985002	1757	4.85776683538774E+017	10,13,12,12,12,11	586,462,621,1092,948,339	5,4,3,2,7,1	2188	49	0.00174995359458	0.0339990984089829	0.521,0.572,0.56,0.501,0.591,0.615	0.724,0.721,0.823,0.924,0.752,0.884	-0.245		
1772	AT3G11470	NA	chr3	-	3611723	3611904	3611728	3611904	3611339	3611402	1772	2,4,3,5,2,4	2,5,1,4,0,6	1,2,0,0,0,0	4,4,3,2,6,3	54	49	0.0000122175413998	0.000356054063651314	0.476,0.421,0.731,0.531,1.0,0.377	0.185,0.312,0.0,0.0,0.0,0.0	0.507		
1797	AT3G14010	NA	chr3	+	4638722	4638938	4638722	4638932	4639006	4639107	1797	1.74252188175216E+017	31,67,37,30,62,51	16,12,17,11,20,6	160,112,144,155,228,67	55	49	0	0	0.833,0.77,0.819,0.839,0.756,0.768	0.082,0.087,0.095,0.059,0.072,0.074	0.719		
1831	AT3G20330	NA	chr3	-	7092080	7092670	7092407	7092670	7091390	7091964	1831	6,7,11,4,16,9	1,0,1,5,6,3	2,2,4,6,4,3	1,0,3,0,0,0	376	49	0.00123690912667	0.0255523505661448	0.439,1.0,0.589,0.094,0.258,0.281	0.207,1.0,0.148,1.0,1.0,1.0	-0.282		
1836	AT3G21175	NA	chr3	+	7423241	7423334	7423241	7423328	7423407	7423541	1836	33,64,55,54,40,62	61,87,58,65,83,81	10,10,14,13,21,7	86,94,56,96,83,45	55	49	7.37686300933E-09	3.5408942444784E-07	0.325,0.396,0.458,0.425,0.3,0.405	0.094,0.087,0.182,0.108,0.184,0.122	0.255		
1885	AT3G20070	NA	chr3	-	7006705	7006941	7006733	7006941	7006577	7006635	1885	12,21,16,8,28,20	3,7,6,3,6,2	4,7,8,9,3,9	13,8,1,10,11,18	77	49	0.000864022330671	0.019055195184528	0.718,0.656,0.629,0.629,0.748,0.864	0.164,0.358,0.836,0.364,0.148,0.241	0.355		
1908	AT2G31370	NA	chr2	+	13380713	13381103	13380713	13381092	13381219	13381761	1908	23,21,18,8,25,26	9.51321071111131E+016	42,43,29,55,56,17	82,54,70,105,105,33	60	49	0.00104523532488	0.0221535590935605	0.165,0.115,0.121,0.056,0.153,0.17	0.295,0.394,0.253,0.3,0.303,0.296	-0.177		
ID	GeneID	geneSymbol	chr	strand	1stExonStart_0base	1stExonEnd	2ndExonStart_0base	2ndExonEnd	upstreamES	upstreamEE	downstreamES	downstreamEE	ID	IJC_SAMPLE_1	SJC_SAMPLE_1	IJC_SAMPLE_2	SJC_SAMPLE_2	IncFormLen	SkipFormLen	PValue	FDR	IncLevel1	IncLevel2	IncLevelDifference
ID	GeneID	geneSymbol	chr	strand	riExonStart_0base	riExonEnd	upstreamES	upstreamEE	downstreamES	downstreamEE	ID	IJC_SAMPLE_1	SJC_SAMPLE_1	IJC_SAMPLE_2	SJC_SAMPLE_2	IncFormLen	SkipFormLen	PValue	FDR	IncLevel1	IncLevel2	IncLevelDifference		
34	AT5G63700	NA	chr5	-	25494356	25494637	25494356	25494407	25494577	25494637	34	7,6,14,14,18,5	13,20,15,12,6,11	54,41,66,103,70,57	9,11,4,11,18,5	219	49	5.36066890877E-09	7.15963092022843E-07	0.108,0.063,0.173,0.207,0.402,0.092	0.573,0.455,0.787,0.677,0.465,0.718	-0.438		
65	AT5G60940	NA	chr5	+	24523577	24523849	24523577	24523687	24523779	24523849	65	16,12,18,22,28,18	21,51,33,23,63,46	56,62,59,121,100,36	20,17,17,23,35,10	141	49	0	0	0.209,0.076,0.159,0.249,0.134,0.12	0.493,0.559,0.547,0.646,0.498,0.556	-0.392		
133	AT5G53550	NA	chr5	+	21755290	21755903	21755290	21755474	21755823	21755903	133	1.87360252258373E+017	19,37,31,38,61,32	2.35185232492384E+017	5,4,14,26,14,6	398	49	7.12149720594E-06	0.000619938610220536	0.548,0.545,0.5,0.455,0.429,0.496	0.853,0.851,0.671,0.7,0.772,0.762	-0.273		
206	AT5G44980	NA	chr5	+	18160203	18161499	18160203	18160365	18160597	18161499	206	7,3,4,4,7,7	0,0,0,0,0,4	3,5,14,26,21,7	5,1,2,1,5,0	281	49	0.000928550155166	0.045963232680717	1.0,1.0,1.0,1.0,1.0,0.234	0.095,0.466,0.55,0.819,0.423,1.0	0.313		
297	AT5G27630	NA	chr5	+	9779718	9780154	9779718	9779844	9780007	9780154	297	10,10,7,25,7,8	1,9,3,2,3,0	21,15,15,26,7,6	0,0,1,1,0,0	212	49	0.000185737693684	0.0118707546254496	0.698,0.204,0.35,0.743,0.35,1.0	1.0,1.0,0.776,0.857,1.0,1.0	-0.381		
346	AT5G23480	NA	chr5	+	7918050	7919328	7918050	7918537	7918730	7919328	346	1,2,4,4,2,4	0,0,0,0,2,1	5,3,2,5,7,1	3,3,0,1,4,2	242	49	0.0000187228443622	0.00145433294130381	1.0,1.0,1.0,1.0,0.168,0.447	0.252,0.168,1.0,0.503,0.262,0.092	0.39		
634	AT4G38380	NA	chr4	-	17974276	17974799	17974276	17974419	17974518	17974799	634	8,11,9,10,8,5	11,6,16,19,20,20	28,12,13,19,30,7	4,0,6,0,1,1	148	49	2.27310792411E-09	3.70223287381658E-07	0.194,0.378,0.157,0.148,0.117,0.076	0.699,1.0,0.418,1.0,0.909,0.699	-0.609		
664	AT4G35785	NA	chr4	-	16953522	16953890	16953522	16953592	16953724	16953890	664	2.72430418366513E+017	13,11,28,20,26,23	2.00182174271274E+017	29,32,24,46,34,10	181	49	0.000326724831993	0.0189431550641666	0.85,0.914,0.802,0.832,0.842,0.827	0.651,0.606,0.662,0.615,0.686,0.732	0.186		
673	AT5G37850	NA	chr5	+	15065299	15065701	15065299	15065479	15065604	15065701	673	2.44411338276451E+017	1.13184135121202E+017	78,100,82,153,167,52	185,153,148,257,311,88	174	49	0	0	0.378,0.386,0.414,0.391,0.386,0.346	0.106,0.155,0.135,0.144,0.131,0.143	0.248		
690	AT4G34310	NA	chr4	+	16418607	16419095	16418607	16418720	16418809	16419095	690	7,14,14,14,15,15	1,4,3,1,4,4	5,7,4,8,9,5	0,2,0,0,0,0	138	49	0.000293625113635	0.017441331749919	0.713,0.554,0.624,0.833,0.571,0.571	1.0,0.554,1.0,1.0,1.0,1.0	-0.281		
745	AT5G56180	NA	chr5	-	22740073	22740326	22740073	22740141	22740255	22740326	745	13,45,24,21,31,29	63,80,82,81,122,85	70,40,48,76,72,44	43,32,54,62,85,30	163	49	0.00020592322518	0.01283588103622	0.058,0.145,0.081,0.072,0.071,0.093	0.329,0.273,0.211,0.269,0.203,0.306	-0.179		
814	AT4G24740	NA	chr4	-	12754945	12755239	12754945	12755048	12755141	12755239	814	27,82,45,40,68,34	8.01311371161452E+016	143,83,118,221,223,66	99,84,92,138,128,43	142	49	2.23572715896E-10	4.34161016368809E-08	0.104,0.178,0.102,0.106,0.139,0.075	0.333,0.254,0.307,0.356,0.375,0.346	-0.211		
855	AT4G23210	NA	chr4	-	12149270	12149740	12149270	12149398	12149502	12149740	855	18,24,32,24,40,20	3,13,2,5,15,2	37,24,28,35,57,18	3,1,2,1,0,2	153	49	0.000970414159415	0.0463904977703992	0.658,0.372,0.837,0.606,0.461,0.762	0.798,0.885,0.818,0.918,1.0,0.742	-0.244		
873	AT4G22120	NA	chr4	-	11718830	11719807	11718830	11719164	11719398	11719807	873	7,22,15,7,17,16	2,5,7,4,2,0	5,5,9,21,15,11	0,0,1,0,0,0	283	49	1.13514285838E-06	0.000114626725839212	0.377,0.432,0.271,0.233,0.595,1.0	1.0,1.0,0.609,1.0,1.0,1.0	-0.45		
885	AT4G21585	NA	chr4	+	11479303	11479658	11479303	11479371	11479584	11479658	885	30,32,18,23,30,18	9,26,17,10,18,17	11,5,4,13,20,3	1,0,0,0,0,0	262	49	2.64233079861E-14	7.8477224718717E-12	0.384,0.187,0.165,0.301,0.238,0.165	0.673,1.0,1.0,1.0,1.0,1.0	-0.706		
1319	AT4G08980	NA	chr4	+	5758019	5759303	5758019	5758484	5758981	5759303	1319	2.83397341253396E+017	2.18371304250368E+017	851,699,649,1394,1099,418	276,149,201,248,229,89	546	49	4.92494933724E-12	1.1840985335107E-09	0.104,0.088,0.091,0.083,0.088,0.081	0.217,0.296,0.225,0.335,0.301,0.297	-0.189		
1366	AT3G54500	NA	chr3	-	20178713	20179027	20178713	20178804	20178940	20179027	1366	1.57207179123197E+017	116,181,105,82,140,108	649,774,675,705,1105,586	129,138,146,140,254,82	185	49	0	0	0.264,0.232,0.311,0.284,0.272,0.262	0.571,0.598,0.55,0.572,0.535,0.654	-0.309		
1516	AT2G27340	NA	chr2	+	11696936	11697554	11696936	11697163	11697448	11697554	1516	9.91521281001381E+016	7,15,16,4,16,8	2.06161179390317E+017	3,2,2,7,2,2	334	49	8.13406710876E-07	8.38140914941413E-05	0.675,0.598,0.54,0.786,0.559,0.715	0.91,0.922,0.929,0.891,0.959,0.924	-0.277		
1662	AT2G04790	NA	chr2	+	1679804	1680176	1679804	1679909	1680014	1680176	1662	15,9,10,8,10,15	3,9,8,5,11,13	6,7,13,7,17,4	0,0,1,0,1,2	154	49	2.99543440052E-08	3.45173177990475E-06	0.614,0.241,0.285,0.337,0.224,0.269	1.0,1.0,0.805,1.0,0.844,0.389	-0.511		
1790	AT5G13870	NA	chr5	-	4476030	4477090	4476030	4476720	4476997	4477090	1790	8,16,6,7,12,5	0,6,2,4,1,2	4,5,1,18,26,5	0,1,0,3,0,0	326	49	0.0000252065657976	0.0018715875104718	1.0,0.286,0.311,0.208,0.643,0.273	1.0,0.429,1.0,0.474,1.0,1.0	-0.364		
1870	AT2G22570	NA	chr2	-	9589796	9590214	9589796	9589982	9590080	9590214	1870	35,58,28,38,47,30	82,133,62,68,108,75	98,82,70,104,144,40	73,24,39,25,48,16	147	49	6.31799057516E-11	1.27598137655931E-08	0.125,0.127,0.131,0.157,0.127,0.118	0.309,0.532,0.374,0.581,0.5,0.455	-0.328		
1882	AT2G23980	NA	chr2	-	10202597	10203193	10202597	10202911	10202980	10203193	1882	41,29,37,22,40,38	105,130,109,90,159,149	73,98,95,143,138,41	87,61,73,128,125,43	118	49	9.2553364972E-10	1.66893549908439E-07	0.14,0.085,0.124,0.092,0.095,0.096	0.258,0.4,0.351,0.317,0.314,0.284	-0.215		
1980	AT1G56612	NA	chr1	-	21214719	21215407	21214719	21214789	21215106	21215407	1980	3.05481357284475E+017	9,25,33,24,35,27	739,632,663,994,1082,384	0,0,2,2,3,0	366	49	0	0	0.819,0.72,0.592,0.613,0.645,0.659	1.0,1.0,0.978,0.985,0.98,1.0	-0.316		
1993	AT2G44280	NA	chr2	-	18303751	18304627	18303751	18303985	18304129	18304627	1993	13,13,19,18,17,19	0,0,2,0,3,0	4,5,17,11,20,6	3,1,5,5,2,1	193	49	1.55236764598E-06	0.000150728927779866	1.0,1.0,0.707,1.0,0.59,1.0	0.253,0.559,0.463,0.358,0.717,0.604	0.39		
2010	AT2G04690	NA	chr2	+	1645913	1646443	1645913	1646031	1646154	1646443	2010	1.96328274248402E+017	1.28195172159291E+017	4.89296390529589E+017	116,88,93,106,132,42	172	49	1.17128529098E-13	3.11253654429369E-11	0.304,0.324,0.312,0.308,0.282,0.268	0.546,0.489,0.544,0.587,0.56,0.623	-0.259		
2137	AT4G17310	NA	chr4	-	9685665	9686616	9685665	9686024	9686443	9686616	2137	59,100,44,47,84,50	7,9,2,5,5,4	58,66,70,161,107,37	1,0,0,3,0,0	468	49	1.09755726729E-09	1.91088504915421E-07	0.469,0.538,0.697,0.496,0.638,0.567	0.859,1.0,1.0,0.849,1.0,1.0	-0.384		
2139	AT1G49390	NA	chr1	+	18279558	18280154	18279558	18279833	18279906	18280154	2139	2,3,3,3,8,6	1,3,3,1,0,2	0,1,0,0,2,2	4,1,5,10,6,0	122	49	0.000379326470201	0.0208176016091831	0.445,0.287,0.287,0.546,1.0,0.546	0.0,0.287,0.0,0.0,0.118,1.0	0.284		
2142	AT1G79620	NA	chr1	-	29958215	29958745	29958215	29958451	29958525	29958745	2142	18,32,14,8,14,22	17,25,30,15,27,17	11,13,12,25,18,9	1,3,3,7,4,0	123	49	0.0000138053144085	0.00112424245884704	0.297,0.338,0.157,0.175,0.171,0.34	0.814,0.633,0.614,0.587,0.642,1.0	-0.469		
2143	AT1G79620	NA	chr1	-	29958525	29958981	29958525	29958745	29958841	29958981	2143	14,19,6,18,17,20	20,25,20,20,24,32	10,11,14,26,25,19	1,0,1,2,8,7	145	49	3.35725467537E-07	3.60654869275386E-05	0.191,0.204,0.092,0.233,0.193,0.174	0.772,1.0,0.826,0.815,0.514,0.478	-0.553		
2144	AT1G79620	NA	chr1	-	29959363	29960052	29959363	29959839	29959917	29960052	2144	11,12,14,13,14,5	13,17,16,19,29,14	6,9,17,21,19,4	2,0,2,15,2,2	127	49	0.000412616323565	0.022162764017869	0.246,0.214,0.252,0.209,0.157,0.121	0.536,1.0,0.766,0.351,0.786,0.436	-0.446		
2145	AT1G49180	NA	chr1	-	18184653	18185040	18184653	18184820	18184942	18185040	2145	49,66,58,52,120,81	14,13,13,13,15,15	65,80,51,127,136,52	2,0,5,7,7,5	171	49	0.000225926489426	0.0139110103062424	0.501,0.593,0.561,0.534,0.696,0.607	0.903,1.0,0.745,0.839,0.848,0.749	-0.265		
2175	AT1G49980	NA	chr1	+	18511848	18512512	18511848	18511962	18512089	18512512	2175	13,46,20,21,44,24	24,29,22,14,22,32	91,58,46,106,106,42	12,2,9,11,8,4	176	49	1.07913677994E-13	3.0269786677317E-11	0.131,0.306,0.202,0.295,0.358,0.173	0.679,0.89,0.587,0.728,0.787,0.745	-0.492		
2193	AT3G18430	NA	chr3	+	6325914	6326249	6325914	6326026	6326121	6326249	2193	12,17,19,5,22,18	9,8,10,9,13,6	17,19,19,24,21,8	4,4,3,2,2,1	144	49	0.000853604643282	0.0426717806329784	0.312,0.42,0.393,0.159,0.365,0.505	0.591,0.618,0.683,0.803,0.781,0.731	-0.342		
2298	AT1G15490	NA	chr1	-	5322652	5323895	5322652	5322960	5323157	5323895	2298	12,10,3,14,23,14	10,18,13,6,5,18	10,20,6,16,9,9	0,1,0,2,2,1	246	49	4.03429709717E-06	0.000377206778585395	0.193,0.1,0.044,0.317,0.478,0.134	1.0,0.799,1.0,0.614,0.473,0.642	-0.544		
2305	AT2G20815	NA	chr2	+	8959254	8960923	8959254	8960041	8960128	8960923	2305	3,11,5,3,6,5	2,2,2,6,4,0	1,3,6,6,1,1	0,0,0,2,0,2	136	49	0.0003365936557	0.0190266597166041	0.351,0.665,0.474,0.153,0.351,1.0	1.0,1.0,1.0,0.519,1.0,0.153	-0.28		
2378	AT5G63370	NA	chr5	-	25383809	25387261	25383809	25385077	25385150	25387261	2378	3.51524453368495E+017	59,102,69,76,122,116	6.38522554803852E+017	36,20,22,19,45,23	122	49	1.44328993201E-15	5.60551605132192E-13	0.705,0.674,0.725,0.66,0.619,0.636	0.877,0.913,0.91,0.944,0.884,0.841	-0.225		
2419	AT2G23985	NA	chr2	+	10204801	10205693	10204801	10205501	10205622	10205693	2419	28,31,48,20,38,43	4,2,0,4,4,2	23,12,13,15,22,3	8,5,7,6,10,5	170	49	0.0000198808416549	0.00152088438659985	0.669,0.817,1.0,0.59,0.732,0.861	0.453,0.409,0.349,0.419,0.388,0.147	0.417		
2441	AT4G03440	NA	chr4	-	1527056	1527628	1527056	1527173	1527399	1527628	2441	5,13,16,16,18,10	8,14,13,3,10,10	28,21,34,46,63,22	2,3,9,11,4,3	275	49	0.000233435367146	0.0142001827556645	0.1,0.142,0.18,0.487,0.243,0.151	0.714,0.555,0.402,0.427,0.737,0.566	-0.35		
2449	AT1G02960	NA	chr1	-	667150	667437	667150	667281	667372	667437	2449	112,117,102,72,165,111	55,84,86,58,86,72	32,31,22,59,51,20	82,65,95,82,111,31	140	49	6.35510942426E-07	6.68478072564349E-05	0.416,0.328,0.293,0.303,0.402,0.35	0.12,0.143,0.075,0.201,0.139,0.184	0.205		
2496	AT1G80780	NA	chr1	+	30357999	30359555	30357999	30358295	30358378	30359555	2496	2.86414348269427E+017	9.71671711432102E+016	6.59514587878961E+017	60,48,53,89,87,51	132	49	0	0	0.523,0.479,0.43,0.411,0.43,0.427	0.803,0.799,0.804,0.786,0.804,0.725	-0.337		
2525	AT2G33540	NA	chr2	-	14207913	14209192	14207913	14208049	14208174	14209192	2525	101,147,77,107,110,110	26,35,23,44,35,37	2.0923822043137E+017	16,9,13,25,20,2	174	49	0	0	0.522,0.542,0.485,0.406,0.47,0.456	0.786,0.882,0.827,0.829,0.839,0.953	-0.373		
2588	AT1G07170	NA	chr1	+	2200173	2200539	2200173	2200219	2200462	2200539	2588	44,83,66,56,104,98	6,12,11,11,9,7	56,53,48,84,90,30	0,0,3,3,2,2	292	49	0.000181979287986	0.0117796592954015	0.552,0.537,0.502,0.461,0.66,0.701	1.0,1.0,0.729,0.825,0.883,0.716	-0.29		
2627	AT1G30545	NA	chr1	-	10821386	10821829	10821386	10821522	10821594	10821829	2627	9,6,5,4,20,4	5,11,13,10,21,5	15,5,12,25,16,3	4,2,5,3,4,2	121	49	0.000480415868046	0.0252668720600443	0.422,0.181,0.135,0.139,0.278,0.245	0.603,0.503,0.493,0.771,0.618,0.378	-0.328		
2661	AT3G19460	NA	chr3	+	6748758	6749322	6748758	6748909	6748990	6749322	2661	3,25,16,15,5,21	18,36,22,15,37,30	15,12,8,15,21,11	3,1,0,2,7,0	130	49	5.939579939E-09	7.68947156718231E-07	0.059,0.207,0.215,0.274,0.048,0.209	0.653,0.819,1.0,0.739,0.531,1.0	-0.622		
2686	AT1G42540	NA	chr1	+	15973053	15973744	15973053	15973353	15973486	15973744	2686	6,8,7,2,5,10	1,7,2,5,2,4	2,0,4,10,6,2	0,1,0,0,0,0	182	49	2.68130762038E-09	4.23060067978082E-07	0.618,0.235,0.485,0.097,0.402,0.402	1.0,0.0,1.0,1.0,1.0,1.0	-0.46		
2691	AT3G01310	NA	chr3	-	101296	101660	101296	101356	101531	101660	2691	93,166,104,97,134,114	2.6638230629543E+017	1.36168143231255E+017	128,99,107,148,195,65	224	49	5.38851208098E-09	7.15963092022843E-07	0.071,0.087,0.069,0.067,0.064,0.064	0.189,0.271,0.226,0.255,0.222,0.274	-0.169		
2780	AT1G27900	NA	chr1	-	9716178	9716607	9716178	9716339	9716537	9716607	2780	15,32,19,24,22,10	48,46,44,47,72,62	72,59,88,154,112,49	38,21,34,44,41,19	247	49	0	0	0.058,0.121,0.079,0.092,0.057,0.031	0.273,0.358,0.339,0.41,0.351,0.338	-0.272		
2828	AT3G03773	NA	chr3	+	952709	953091	952709	952866	953062	953091	2828	2,7,4,4,3,4	23,49,33,32,41,40	32,31,32,61,59,11	50,26,35,36,37,14	245	49	0.000105903458631	0.00722576435983674	0.017,0.028,0.024,0.024,0.014,0.02	0.113,0.193,0.155,0.253,0.242,0.136	-0.161		
2870	AT1G10810	NA	chr1	+	3599165	3599877	3599165	3599590	3599676	3599877	2870	5,8,1,2,2,5	3,2,2,0,6,2	1,6,7,7,10,1	0,0,1,1,1,1	135	49	2.87758117534E-06	0.000274130327439465	0.377,0.592,0.154,1.0,0.108,0.476	1.0,1.0,0.718,0.718,0.784,0.266	-0.296		
2967	AT4G01915	NA	chr4	+	827597	827988	827597	827717	827800	827988	2967	37,51,30,32,62,37	6,10,14,15,13,17	50,28,35,48,59,27	1,1,2,0,4,0	132	49	4.62209925889E-09	6.48249421059323E-07	0.696,0.654,0.443,0.442,0.639,0.447	0.949,0.912,0.867,1.0,0.846,1.0	-0.375		
2993	AT1G09910	NA	chr1	-	3223733	3224541	3223733	3223831	3224378	3224541	2993	39,77,83,45,86,46	30,38,25,35,39,51	121,77,87,104,125,60	3,6,5,8,22,6	596	49	7.62009469968E-08	8.36388220406181E-06	0.097,0.143,0.214,0.096,0.153,0.069	0.768,0.513,0.589,0.517,0.318,0.451	-0.397		
2998	AT1G06960	NA	chr1	+	2137066	2137838	2137066	2137146	2137263	2137838	2998	9.81261211071542E+016	33,53,47,58,75,59	186,172,174,218,262,99	17,17,32,20,38,11	166	49	3.65824359694E-09	5.31732622104005E-07	0.467,0.412,0.432,0.353,0.377,0.475	0.764,0.749,0.616,0.763,0.671,0.727	-0.296		
3160	AT2G45500	NA	chr2	-	18752007	18752241	18752007	18752030	18752161	18752241	3160	28,29,14,27,20,16	10,17,15,13,15,9	35,18,31,62,49,15	7,2,7,4,11,0	180	49	0.000675489701506	0.034449974776806	0.433,0.317,0.203,0.361,0.266,0.326	0.576,0.71,0.547,0.808,0.548,1.0	-0.381		
3167	AT1G27770	NA	chr1	-	9673280	9675363	9673280	9675232	9675308	9675363	3167	8,11,8,15,13,14	55,104,100,94,129,88	47,48,45,83,77,40	72,79,109,110,100,27	125	49	0.0000901111465891	0.00631904415456064	0.054,0.04,0.03,0.059,0.038,0.059	0.204,0.192,0.139,0.228,0.232,0.367	-0.18		
3190	AT4G31150	NA	chr4	-	15144188	15144609	15144188	15144317	15144492	15144609	3190	24,39,22,25,33,37	61,61,57,47,110,66	129,99,115,147,128,61	57,49,38,56,66,27	224	49	4.10782519111E-15	1.48145781356531E-12	0.079,0.123,0.078,0.104,0.062,0.109	0.331,0.307,0.398,0.365,0.298,0.331	-0.246		
3238	AT3G27610	NA	chr3	-	10227480	10227986	10227480	10227808	10227892	10227986	3238	34,62,56,32,44,48	9,5,5,6,6,3	13,28,24,39,24,16	0,0,0,0,1,0	133	49	0.000330163922687	0.0189431550641666	0.582,0.82,0.805,0.663,0.73,0.855	1.0,1.0,1.0,1.0,0.898,1.0	-0.24		
3251	AT2G39730	NA	chr2	-	16570745	16571472	16570745	16571066	16571190	16571472	3251	2484,4300,2818,2451,3114,2980	6012,10087,6463,5527,6832,6852	5981,4143,5123,6212,7166,2602	5151,3687,4274,5315,6715,2062	173	49	0.0000102456609462	0.00086217236862273	0.105,0.108,0.11,0.112,0.114,0.11	0.247,0.241,0.253,0.249,0.232,0.263	-0.138		
3283	AT1G18660	NA	chr1	+	6420974	6421501	6420974	6421303	6421397	6421501	3283	1.31162164138172E+017	43,64,55,45,78,66	3.13298292534527E+017	34,33,35,58,45,25	143	49	6.66133814775E-15	2.24220642053265E-12	0.511,0.464,0.505,0.512,0.43,0.441	0.759,0.756,0.741,0.759,0.801,0.76	-0.286		
3451	AT1G16560	NA	chr1	+	5668572	5669039	5668572	5668709	5668918	5669039	3451	14,23,31,30,42,27	0,0,0,0,3,0	21,32,21,37,38,10	2,2,2,6,10,0	258	49	0.000202689039911	0.012792212031383	1.0,1.0,1.0,1.0,0.727,1.0	0.666,0.752,0.666,0.539,0.419,1.0	0.281		
3452	AT1G16560	NA	chr1	+	5668572	5669039	5668572	5668739	5668918	5669039	3452	11,16,26,26,40,26	4,8,9,8,2,9	19,30,21,36,37,10	0,0,1,0,3,0	228	49	1.70519676157E-09	2.86984614972231E-07	0.371,0.301,0.383,0.411,0.811,0.383	1.0,1.0,0.819,1.0,0.726,1.0	-0.481		
3456	AT1G06710	NA	chr1	-	2056233	2057043	2056233	2056329	2056650	2057043	3456	30,40,44,30,53,48	0,0,1,0,1,2	31,24,26,54,43,18	4,12,4,3,6,1	370	49	1.74243995898E-08	2.0946617506881E-06	1.0,1.0,0.854,1.0,0.875,0.761	0.507,0.209,0.463,0.704,0.487,0.704	0.403		
3613	AT4G31200	NA	chr4	-	15163558	15164936	15163558	15164617	15164848	15164936	3613	53,70,89,76,105,70	4,10,2,2,3,10	50,47,57,92,103,31	0,0,0,1,0,0	280	49	0.000973933999537	0.0463904977703992	0.699,0.551,0.886,0.869,0.86,0.551	1.0,1.0,1.0,0.942,1.0,1.0	-0.254		
3668	AT1G74810	NA	chr1	+	28107821	28108747	28107821	28107935	28108394	28108747	3668	20,34,16,13,52,19	0,5,3,1,3,2	16,10,29,27,48,17	0,0,0,0,0,0	508	49	0.000180871673988	0.0117796592954015	1.0,0.396,0.34,0.556,0.626,0.478	1.0,1.0,1.0,1.0,1.0,1.0	-0.434		
3733	AT1G26208	NA	chr1	-	9069032	9069344	9069032	9069092	9069235	9069344	3733	18,25,15,17,19,7	6,7,5,3,11,6	44,38,50,52,75,16	5,2,1,8,4,2	192	49	0.000282813699433	0.0169991234337764	0.434,0.477,0.434,0.591,0.306,0.229	0.692,0.829,0.927,0.624,0.827,0.671	-0.35		
3773	AT1G27630	NA	chr1	+	9611548	9612671	9611548	9611876	9612589	9612671	3773	763,1338,1052,894,1133,852	40,58,66,45,59,72	1499,1344,1338,2241,2152,774	37,29,38,38,38,12	762	49	4.46775990515E-06	0.00041014035929277	0.551,0.597,0.506,0.561,0.553,0.432	0.723,0.749,0.694,0.791,0.785,0.806	-0.225		
3792	AT1G55810	NA	chr1	+	20860506	20861414	20860506	20860831	20861270	20861414	3792	2.13371302224369E+017	69,106,75,93,136,97	3.90339416756657E+017	48,49,51,94,109,34	488	49	4.61035352117E-06	0.000415672766578345	0.237,0.26,0.288,0.195,0.214,0.198	0.449,0.41,0.45,0.447,0.377,0.413	-0.192		
3800	AT2G43680	NA	chr2	+	18108629	18109138	18108629	18108719	18109068	18109138	3800	53,70,87,55,65,89	13,25,16,19,33,13	81,53,79,79,107,45	5,2,6,3,9,0	398	49	9.58955770802E-06	0.000820638590979542	0.334,0.256,0.401,0.263,0.195,0.457	0.666,0.765,0.618,0.764,0.594,1.0	-0.417		
3828	AT1G12750	NA	chr1	-	4347423	4348390	4347423	4347790	4348240	4348390	3828	22,34,33,17,27,23	30,30,33,32,29,27	60,44,46,89,71,42	16,5,11,14,25,6	499	49	0.0000213838773283	0.00161145069597891	0.067,0.1,0.089,0.05,0.084,0.077	0.269,0.464,0.291,0.384,0.218,0.407	-0.261		
3925	AT5G06265	NA	chr5	+	1905778	1906766	1905778	1906424	1906566	1906766	3925	17,39,32,20,29,30	0,2,9,0,2,4	23,31,16,56,23,10	10,17,7,9,14,4	191	49	0.000953594574553	0.0463904977703992	1.0,0.833,0.477,1.0,0.788,0.658	0.371,0.319,0.37,0.615,0.297,0.391	0.399		
3977	AT3G23480	NA	chr3	+	8420277	8420595	8420277	8420426	8420495	8420595	3977	1,1,2,2,2,4	2,4,5,5,2,8	6,2,2,6,11,3	0,0,1,0,1,0	118	49	1.43329792479E-13	3.61836061113235E-11	0.172,0.094,0.142,0.142,0.293,0.172	1.0,1.0,0.454,1.0,0.82,1.0	-0.71		
4056	AT1G14970	NA	chr1	-	5164277	5165139	5164277	5164347	5164536	5165139	4056	16,13,36,20,21,6	2,2,2,4,3,3	11,5,5,21,14,8	0,0,0,0,0,1	238	49	0.0000899473879953	0.00631904415456064	0.622,0.572,0.787,0.507,0.59,0.292	1.0,1.0,1.0,1.0,1.0,0.622	-0.375		
4057	AT1G66760	NA	chr1	+	24901977	24902981	24901977	24902358	24902436	24902981	4057	24,25,25,21,17,18	1.27183148144199E+017	177,149,158,219,228,77	70,64,57,119,139,35	127	49	0	0	0.068,0.05,0.061,0.053,0.032,0.038	0.494,0.473,0.517,0.415,0.388,0.459	-0.407		
4076	AT5G03500	NA	chr5	-	877525	878549	877525	877898	878116	878549	4076	48,70,55,40,56,71	4,15,9,6,12,15	122,86,99,163,153,72	1,2,4,3,1,0	267	49	1.75960357396E-11	4.0382902022382E-09	0.688,0.461,0.529,0.55,0.461,0.465	0.957,0.888,0.82,0.909,0.966,1.0	-0.398		
4089	AT1G78000	NA	chr1	+	29332544	29333212	29332544	29332621	29332733	29333212	4089	3.17423399287552E+017	1.4122115313016E+017	3.44272273377506E+017	50,39,63,93,114,24	161	49	0.000369979692099	0.0205277743451412	0.406,0.368,0.442,0.402,0.512,0.351	0.677,0.68,0.569,0.552,0.575,0.72	-0.215		
4158	AT2G03140	NA	chr2	+	949989	950717	949989	950208	950308	950717	4158	14,21,11,9,14,9	2,9,5,1,7,6	13,8,11,25,19,6	0,0,2,1,0,0	149	49	3.67437258397E-09	5.31732622104005E-07	0.697,0.434,0.42,0.747,0.397,0.33	1.0,1.0,0.644,0.892,1.0,1.0	-0.418		
4204	AT2G45830	NA	chr2	+	18865922	18867160	18865922	18866503	18866606	18867160	4204	34,66,53,46,63,60	10,8,8,15,12,13	88,70,80,113,127,65	3,2,1,4,2,2	152	49	3.0080451241E-08	3.45173177990475E-06	0.523,0.727,0.681,0.497,0.629,0.598	0.904,0.919,0.963,0.901,0.953,0.913	-0.316		
4205	AT4G01510	NA	chr4	+	642942	643176	642942	642979	643086	643176	4205	7,13,13,11,4,4	1,6,8,6,2,4	4,7,3,5,3,4	0,0,0,0,2,0	156	49	1.39295421864E-08	1.71537215851545E-06	0.687,0.405,0.338,0.365,0.386,0.239	1.0,1.0,1.0,1.0,0.32,1.0	-0.483		
4213	AT1G14710	NA	chr1	-	5064147	5065303	5064147	5064811	5064971	5065303	4213	41,53,49,48,73,67	58,99,97,81,128,96	91,94,98,134,175,59	57,43,69,82,84,36	209	49	0.0000929073721601	0.00642588112378555	0.142,0.112,0.106,0.122,0.118,0.141	0.272,0.339,0.25,0.277,0.328,0.278	-0.167		
4315	AT5G10710	NA	chr5	+	3382099	3382508	3382099	3382197	3382326	3382508	4315	50,65,59,57,57,74	45,68,52,40,83,54	96,114,95,184,165,61	27,26,31,50,35,10	178	49	4.15142253907E-10	7.7631601480609E-08	0.234,0.208,0.238,0.282,0.159,0.274	0.495,0.547,0.458,0.503,0.565,0.627	-0.3		
4326	AT4G32590	NA	chr4	+	15721693	15722300	15721693	15721807	15722015	15722300	4326	10,30,18,19,27,16	2.6137029526339E+017	114,102,113,124,218,74	112,84,90,105,186,62	257	49	6.66133814775E-16	2.80275802566581E-13	0.007,0.015,0.011,0.014,0.013,0.01	0.163,0.188,0.193,0.184,0.183,0.185	-0.171		
4370	AT2G25740	NA	chr2	+	10980121	10980688	10980121	10980344	10980620	10980688	4370	63,112,96,92,102,64	27,35,43,25,61,38	5.2746950982191E+017	24,21,39,31,44,12	325	49	0	0	0.26,0.325,0.252,0.357,0.201,0.203	0.768,0.771,0.663,0.8,0.757,0.815	-0.496		
4418	AT1G63480	NA	chr1	-	23541240	23541908	23541240	23541674	23541846	23541908	4418	58,46,70,46,66,77	0,0,0,1,3,3	22,39,50,98,66,27	4,7,2,5,6,4	221	49	0.00017327339301	0.0115112810698354	1.0,1.0,1.0,0.911,0.83,0.851	0.549,0.553,0.847,0.813,0.709,0.599	0.254		
4427	AT1G12260	NA	chr1	-	4162825	4163813	4162825	4163369	4163528	4163813	4427	33,53,23,40,38,60	2,5,1,4,3,8	31,22,18,38,36,5	1,0,1,1,0,0	208	49	0.000339156144681	0.0190266597166041	0.795,0.714,0.844,0.702,0.749,0.639	0.88,1.0,0.809,0.9,1.0,1.0	-0.191		
4506	AT2G31580	NA	chr2	-	13441751	13442107	13441751	13441837	13441937	13442107	4506	9,12,6,7,8,16	18,77,45,33,49,33	36,28,20,45,43,17	21,19,11,25,31,7	149	49	4.69904115619E-11	9.88560783233471E-09	0.141,0.049,0.042,0.065,0.051,0.138	0.361,0.326,0.374,0.372,0.313,0.444	-0.284		
4512	AT2G31865	NA	chr2	-	13547181	13547536	13547181	13547382	13547451	13547536	4512	3,0,2,3,6,2	0,3,1,1,1,5	3,4,1,5,11,2	0,0,2,0,0,0	118	49	0.000595070753669	0.0309743529409771	1.0,0.0,0.454,0.555,0.714,0.142	1.0,1.0,0.172,1.0,1.0,1.0	-0.385		
4517	AT5G30490	NA	chr5	+	11612001	11612351	11612001	11612045	11612177	11612351	4517	8,12,12,16,12,8	1,11,6,1,10,7	8,4,5,6,11,1	0,0,0,0,2,0	181	49	3.70246056036E-11	8.12770581272071E-09	0.684,0.228,0.351,0.812,0.245,0.236	1.0,1.0,1.0,1.0,0.598,1.0	-0.507		
4525	AT2G32250	NA	chr2	+	13696222	13696486	13696222	13696288	13696411	13696486	4525	17,33,19,14,25,15	22,37,33,13,33,29	41,36,34,79,63,18	16,11,18,24,34,12	172	49	0.000704734098249	0.035582024620592	0.18,0.203,0.141,0.235,0.178,0.128	0.422,0.482,0.35,0.484,0.345,0.299	-0.22		
4539	AT3G04020	NA	chr3	+	1040873	1041151	1040873	1040958	1041064	1041151	4539	2,10,6,1,2,3	10,26,12,18,15,11	10,19,13,22,15,5	6,6,6,8,6,1	155	49	6.14707106328E-08	6.89701373300016E-06	0.059,0.108,0.136,0.017,0.04,0.079	0.345,0.5,0.407,0.465,0.441,0.613	-0.389		
4634	AT2G36680	NA	chr2	-	15369245	15369495	15369245	15369361	15369448	15369495	4634	63,86,93,65,116,71	10,10,12,21,22,12	2.39214274381477E+017	8,4,7,6,11,0	136	49	7.89526843903E-09	9.96580258716562E-07	0.694,0.756,0.736,0.527,0.655,0.681	0.915,0.951,0.934,0.958,0.94,1.0	-0.275		
4635	AT2G36680	NA	chr2	-	15369245	15369495	15369245	15369366	15369448	15369495	4635	51,72,81,52,102,63	1.36212172181229E+017	2.32203261366457E+017	136,77,105,119,176,68	131	49	0	0	0.123,0.113,0.15,0.097,0.143,0.098	0.39,0.497,0.482,0.535,0.493,0.45	-0.354		
4839	AT2G46455	NA	chr2	-	19070199	19071083	19070199	19070307	19070408	19071083	4839	3,3,0,1,1,0	1,1,1,0,1,1	1,0,8,2,2,0	0,1,0,1,0,1	150	49	0.00100988685998	0.0476534463181217	0.495,0.495,0.0,1.0,0.246,0.0	1.0,0.0,1.0,0.395,1.0,0.0	-0.193		
4892	AT3G49430	NA	chr3	+	18331508	18332754	18331508	18332471	18332641	18332754	4892	1.77273234215274E+017	14,44,32,20,18,33	60,74,69,124,133,52	17,20,18,35,49,12	219	49	0.00062628157526	0.032266282382528	0.739,0.581,0.621,0.706,0.773,0.595	0.441,0.453,0.462,0.442,0.378,0.492	0.224		
4936	AT3G02740	NA	chr3	+	590424	591167	590424	590808	591040	591167	4936	8.61331471441651E+016	1.0416115110313E+017	2.54241292386461E+017	69,52,63,69,80,35	281	49	0	0	0.126,0.126,0.145,0.196,0.181,0.12	0.391,0.447,0.447,0.494,0.501,0.431	-0.303		
4994	AT3G04610	NA	chr3	-	1254101	1254956	1254101	1254282	1254768	1254956	4994	2.685203422504E+017	84,95,89,79,101,118	4.91494489929819E+017	60,45,56,93,98,37	535	49	0.0000389088904099	0.00284711576347225	0.226,0.334,0.26,0.225,0.266,0.207	0.428,0.501,0.444,0.478,0.434,0.375	-0.19		
5003	AT1G31850	NA	chr1	+	11430256	11431443	11430256	11430452	11431135	11431443	5003	27,47,37,40,75,39	16,27,19,11,21,24	43,29,47,84,58,17	1,1,0,9,4,0	732	49	0.0000185533092945	0.00145433294130381	0.101,0.104,0.115,0.196,0.193,0.098	0.742,0.66,1.0,0.385,0.493,1.0	-0.579		
5089	AT4G33625	NA	chr4	-	16153264	16153833	16153264	16153345	16153715	16153833	5089	3.21462382298526E+017	1.241941211282E+017	745,668,676,952,1112,448	156,97,113,142,173,61	419	49	1.26269179601E-06	0.00012500648780499	0.232,0.218,0.27,0.214,0.235,0.255	0.358,0.446,0.412,0.439,0.429,0.462	-0.187		
5109	AT3G08840	NA	chr3	-	2681948	2682856	2681948	2682193	2682386	2682856	5109	30,59,46,31,41,30	19,28,30,35,26,33	138,148,167,293,234,85	20,21,21,38,34,19	242	49	2.46469511467E-14	7.77765352123052E-12	0.242,0.299,0.237,0.152,0.242,0.155	0.583,0.588,0.617,0.61,0.582,0.475	-0.355		
5150	AT3G09800	NA	chr3	-	3007907	3008610	3007907	3007938	3008347	3008610	5150	63,106,81,68,103,63	26,57,43,27,47,52	188,166,160,253,275,75	40,30,38,32,44,6	458	49	0.00030227638717	0.017746435800248	0.206,0.166,0.168,0.212,0.19,0.115	0.335,0.372,0.311,0.458,0.401,0.572	-0.232		
5176	AT4G34140	NA	chr4	+	16350461	16351542	16350461	16351030	16351294	16351542	5176	18,40,21,38,61,34	21,25,24,13,24,35	35,47,43,98,96,26	9,13,7,16,21,5	313	49	0.000455865713723	0.0242280630377624	0.118,0.2,0.12,0.314,0.285,0.132	0.378,0.361,0.49,0.49,0.417,0.449	-0.236		
5207	AT3G12550	NA	chr3	+	3980737	3981395	3980737	3980944	3981141	3981395	5207	6,28,20,6,30,8	2,0,2,5,4,2	8,5,6,14,2,3	1,0,0,0,0,0	246	49	0.000400553448124	0.0217461759094417	0.374,1.0,0.666,0.193,0.599,0.443	0.614,1.0,1.0,1.0,1.0,1.0	-0.39		
5247	AT3G14150	NA	chr3	-	4692539	4693133	4692539	4692688	4692926	4693133	5247	14,20,25,18,20,27	5,4,0,9,6,4	3,14,8,17,30,11	1,0,1,0,2,0	287	49	0.0000161383759328	0.00129337555690011	0.323,0.461,1.0,0.255,0.363,0.535	0.339,1.0,0.577,1.0,0.719,1.0	-0.283		
5273	AT2G17970	NA	chr2	-	7818817	7819583	7818817	7819425	7819511	7819583	5273	23,20,24,15,15,31	7,8,12,9,5,6	101,73,83,133,143,46	2,9,7,9,9,4	135	49	0.0000106253510188	0.000879465529408544	0.544,0.476,0.421,0.377,0.521,0.652	0.948,0.746,0.811,0.843,0.852,0.807	-0.336		
5307	AT2G25670	NA	chr2	-	10930298	10931090	10930298	10930719	10930827	10931090	5307	2.36314300240375E+017	78,107,91,75,136,88	3.38268290538444E+017	65,32,50,62,64,27	157	49	0.000172112050992	0.0115112810698354	0.486,0.478,0.507,0.5,0.463,0.526	0.619,0.723,0.644,0.73,0.684,0.681	-0.187		
5338	AT1G20920	NA	chr1	+	7288999	7289943	7288999	7289309	7289385	7289943	5338	1.80373270228317E+017	60,82,69,70,110,47	3.27294219436494E+017	32,28,25,52,50,18	125	49	0.0000665957238003	0.00480345442096735	0.54,0.641,0.605,0.561,0.53,0.663	0.8,0.805,0.774,0.767,0.795,0.776	-0.196		
5372	AT3G22190	NA	chr3	-	7833428	7834135	7833428	7833556	7833784	7834135	5372	71,108,89,79,108,84	33,34,29,20,46,37	162,131,210,309,225,93	23,13,21,40,30,16	277	49	6.43877338691E-06	0.000570339768956291	0.276,0.36,0.352,0.411,0.293,0.287	0.555,0.641,0.639,0.577,0.57,0.507	-0.252		
5441	AT3G26690	NA	chr3	-	9805327	9805781	9805327	9805408	9805472	9805781	5441	1.50222181182283E+017	65,87,55,61,84,80	2.13140177475404E+017	37,26,22,76,60,30	113	49	0.000963005792773	0.0463904977703992	0.5,0.525,0.588,0.564,0.594,0.52	0.714,0.7,0.777,0.73,0.745,0.678	-0.176		
5557	AT1G54030	NA	chr1	+	20168776	20169684	20168776	20169029	20169099	20169684	5557	23,42,53,26,44,53	1.09175200154215E+017	82,104,93,156,167,56	124,84,92,185,190,57	119	49	3.68600550082E-09	5.31732622104005E-07	0.08,0.09,0.098,0.065,0.078,0.089	0.214,0.338,0.294,0.258,0.266,0.288	-0.193		
ID	GeneID	geneSymbol	chr	strand	exonStart_0base	exonEnd	upstreamES	upstreamEE	downstreamES	downstreamEE	ID	IJC_SAMPLE_1	SJC_SAMPLE_1	IJC_SAMPLE_2	SJC_SAMPLE_2	IncFormLen	SkipFormLen	PValue	FDR	IncLevel1	IncLevel2	IncLevelDifference		
156	AT5G41690	NA	chr5	-	16674167	16674230	16674001	16674075	16674361	16674493	156	2,14,7,6,9,4	2,13,1,1,7,7	4,6,8,7,7,5	1,0,1,0,1,1	112	49	8.51976751259E-07	0.000753147448112956	0.304,0.32,0.754,0.724,0.36,0.2	0.636,1.0,0.778,1.0,0.754,0.686	-0.365		
552	AT5G64460	NA	chr5	-	25775305	25775354	25775044	25775115	25775482	25775568	552	11,10,14,8,20,10	27,52,25,26,32,27	25,17,13,21,41,17	6,4,8,7,7,0	98	49	9.19681664158E-10	1.62599718223134E-06	0.169,0.088,0.219,0.133,0.238,0.156	0.676,0.68,0.448,0.6,0.745,1.0	-0.524		
1332	AT3G26890	NA	chr3	-	9910872	9910944	9909317	9910792	9911367	9911760	1332	21,19,26,18,18,38	13,12,14,15,15,7	35,28,33,52,71,25	0,1,2,0,1,2	121	49	3.33066907388E-16	1.17772458452397E-12	0.395,0.391,0.429,0.327,0.327,0.687	1.0,0.919,0.87,1.0,0.966,0.835	-0.506		
3200	AT2G35140	NA	chr2	+	14813636	14813686	14813390	14813489	14813974	14814289	3200	0,1,2,1,1,0	2,3,1,0,3,2	1,1,1,2,4,0	0,0,0,0,1,1	99	49	3.17082079482E-08	3.73734077682784E-05	0.0,0.142,0.497,1.0,0.142,0.0	1.0,1.0,1.0,1.0,0.664,0.0	-0.48		
3728	AT2G21590	NA	chr2	+	9239032	9239098	9238295	9238645	9239353	9239583	3728	14,7,3,9,5,5	4,2,8,4,10,2	16,7,17,29,25,6	1,1,0,2,4,0	115	49	0.0000063395833686	0.00448335335827392	0.599,0.599,0.138,0.489,0.176,0.516	0.872,0.749,1.0,0.861,0.727,1.0	-0.449		
